lambda_rag,strategy,query_index,recall_at_k,latency_ms,effective_horizon,candidate_hits,database_calls
1.0,exhaustive_weighted,0,1.0,9.616334,50000,50000,0
1.0,exhaustive_weighted,1,1.0,14.768792,50000,50000,0
1.0,exhaustive_weighted,2,1.0,9.1815,50000,50000,0
1.0,exhaustive_weighted,3,1.0,10.568125,50000,50000,0
1.0,exhaustive_weighted,4,1.0,12.681959,50000,50000,0
1.0,exhaustive_weighted,5,1.0,10.361208,50000,50000,0
1.0,exhaustive_weighted,6,1.0,10.639875,50000,50000,0
1.0,exhaustive_weighted,7,1.0,13.415084,50000,50000,0
1.0,exhaustive_weighted,8,1.0,11.606917,50000,50000,0
1.0,exhaustive_weighted,9,1.0,11.342166,50000,50000,0
1.0,exhaustive_weighted,10,1.0,10.892417,50000,50000,0
1.0,exhaustive_weighted,11,1.0,11.339167,50000,50000,0
1.0,exhaustive_weighted,12,1.0,11.422167,50000,50000,0
1.0,exhaustive_weighted,13,1.0,11.094417,50000,50000,0
1.0,exhaustive_weighted,14,1.0,11.577458,50000,50000,0
1.0,exhaustive_weighted,15,1.0,10.448792,50000,50000,0
1.0,exhaustive_weighted,16,1.0,11.3975,50000,50000,0
1.0,exhaustive_weighted,17,1.0,11.684958,50000,50000,0
1.0,exhaustive_weighted,18,1.0,10.558666,50000,50000,0
1.0,exhaustive_weighted,19,1.0,11.587292,50000,50000,0
1.0,exhaustive_weighted,20,1.0,11.12975,50000,50000,0
1.0,exhaustive_weighted,21,1.0,11.194792,50000,50000,0
1.0,exhaustive_weighted,22,1.0,11.368833,50000,50000,0
1.0,exhaustive_weighted,23,1.0,11.430792,50000,50000,0
1.0,exhaustive_weighted,24,1.0,9.986833,50000,50000,0
1.0,exhaustive_weighted,25,1.0,11.758042,50000,50000,0
1.0,exhaustive_weighted,26,1.0,11.265542,50000,50000,0
1.0,exhaustive_weighted,27,1.0,11.5525,50000,50000,0
1.0,exhaustive_weighted,28,1.0,10.0395,50000,50000,0
1.0,exhaustive_weighted,29,1.0,12.3035,50000,50000,0
1.0,exhaustive_weighted,30,1.0,11.191875,50000,50000,0
1.0,exhaustive_weighted,31,1.0,10.904416,50000,50000,0
1.0,exhaustive_weighted,32,1.0,10.198834,50000,50000,0
1.0,exhaustive_weighted,33,1.0,11.610708,50000,50000,0
1.0,exhaustive_weighted,34,1.0,11.292333,50000,50000,0
1.0,exhaustive_weighted,35,1.0,11.090667,50000,50000,0
1.0,exhaustive_weighted,36,1.0,10.783,50000,50000,0
1.0,exhaustive_weighted,37,1.0,10.002041,50000,50000,0
1.0,exhaustive_weighted,38,1.0,11.796,50000,50000,0
1.0,exhaustive_weighted,39,1.0,10.507708,50000,50000,0
1.0,exhaustive_weighted,40,1.0,10.942,50000,50000,0
1.0,exhaustive_weighted,41,1.0,11.194667,50000,50000,0
1.0,exhaustive_weighted,42,1.0,10.854,50000,50000,0
1.0,exhaustive_weighted,43,1.0,9.81525,50000,50000,0
1.0,exhaustive_weighted,44,1.0,9.90175,50000,50000,0
1.0,exhaustive_weighted,45,1.0,10.003583,50000,50000,0
1.0,exhaustive_weighted,46,1.0,10.969041,50000,50000,0
1.0,exhaustive_weighted,47,1.0,9.756666,50000,50000,0
1.0,exhaustive_weighted,48,1.0,9.773209,50000,50000,0
1.0,exhaustive_weighted,49,1.0,9.973792,50000,50000,0
1.0,exhaustive_weighted,50,1.0,9.131416,50000,50000,0
1.0,exhaustive_weighted,51,1.0,10.551834,50000,50000,0
1.0,exhaustive_weighted,52,1.0,9.90075,50000,50000,0
1.0,exhaustive_weighted,53,1.0,9.915625,50000,50000,0
1.0,exhaustive_weighted,54,1.0,9.9655,50000,50000,0
1.0,exhaustive_weighted,55,1.0,10.591709,50000,50000,0
1.0,exhaustive_weighted,56,1.0,10.572167,50000,50000,0
1.0,exhaustive_weighted,57,1.0,9.919958,50000,50000,0
1.0,exhaustive_weighted,58,1.0,9.107625,50000,50000,0
1.0,exhaustive_weighted,59,1.0,10.237125,50000,50000,0
1.0,exhaustive_weighted,60,1.0,10.038959,50000,50000,0
1.0,exhaustive_weighted,61,1.0,10.492916,50000,50000,0
1.0,exhaustive_weighted,62,1.0,9.700417,50000,50000,0
1.0,exhaustive_weighted,63,1.0,9.593875,50000,50000,0
1.0,exhaustive_weighted,64,1.0,10.157875,50000,50000,0
1.0,exhaustive_weighted,65,1.0,9.661667,50000,50000,0
1.0,exhaustive_weighted,66,1.0,9.268875,50000,50000,0
1.0,exhaustive_weighted,67,1.0,8.781625,50000,50000,0
1.0,exhaustive_weighted,68,1.0,9.592291,50000,50000,0
1.0,exhaustive_weighted,69,1.0,8.330541,50000,50000,0
1.0,exhaustive_weighted,70,1.0,9.73475,50000,50000,0
1.0,exhaustive_weighted,71,1.0,8.446958,50000,50000,0
1.0,exhaustive_weighted,72,1.0,8.047708,50000,50000,0
1.0,exhaustive_weighted,73,1.0,8.899417,50000,50000,0
1.0,exhaustive_weighted,74,1.0,8.358709,50000,50000,0
1.0,exhaustive_weighted,75,1.0,8.527792,50000,50000,0
1.0,exhaustive_weighted,76,1.0,7.581833,50000,50000,0
1.0,exhaustive_weighted,77,1.0,7.780125,50000,50000,0
1.0,exhaustive_weighted,78,1.0,9.1345,50000,50000,0
1.0,exhaustive_weighted,79,1.0,9.00025,50000,50000,0
1.0,exhaustive_weighted,80,1.0,9.521167,50000,50000,0
1.0,exhaustive_weighted,81,1.0,10.337667,50000,50000,0
1.0,exhaustive_weighted,82,1.0,9.470708,50000,50000,0
1.0,exhaustive_weighted,83,1.0,9.4835,50000,50000,0
1.0,exhaustive_weighted,84,1.0,7.46625,50000,50000,0
1.0,exhaustive_weighted,85,1.0,8.273375,50000,50000,0
1.0,exhaustive_weighted,86,1.0,8.306459,50000,50000,0
1.0,exhaustive_weighted,87,1.0,7.925375,50000,50000,0
1.0,exhaustive_weighted,88,1.0,7.52025,50000,50000,0
1.0,exhaustive_weighted,89,1.0,8.742125,50000,50000,0
1.0,exhaustive_weighted,90,1.0,11.117541,50000,50000,0
1.0,exhaustive_weighted,91,1.0,13.498041,50000,50000,0
1.0,exhaustive_weighted,92,1.0,14.135584,50000,50000,0
1.0,exhaustive_weighted,93,1.0,12.088916,50000,50000,0
1.0,exhaustive_weighted,94,1.0,8.616041,50000,50000,0
1.0,exhaustive_weighted,95,1.0,9.1895,50000,50000,0
1.0,exhaustive_weighted,96,1.0,7.8245,50000,50000,0
1.0,exhaustive_weighted,97,1.0,9.749458,50000,50000,0
1.0,exhaustive_weighted,98,1.0,9.122958,50000,50000,0
1.0,exhaustive_weighted,99,1.0,9.235041,50000,50000,0
1.0,exhaustive_weighted,100,1.0,7.987667,50000,50000,0
1.0,exhaustive_weighted,101,1.0,8.902083,50000,50000,0
1.0,exhaustive_weighted,102,1.0,9.061916,50000,50000,0
1.0,exhaustive_weighted,103,1.0,8.171875,50000,50000,0
1.0,exhaustive_weighted,104,1.0,9.926875,50000,50000,0
1.0,exhaustive_weighted,105,1.0,9.389542,50000,50000,0
1.0,exhaustive_weighted,106,1.0,9.04725,50000,50000,0
1.0,exhaustive_weighted,107,1.0,8.760167,50000,50000,0
1.0,exhaustive_weighted,108,1.0,9.305666,50000,50000,0
1.0,exhaustive_weighted,109,1.0,8.673792,50000,50000,0
1.0,exhaustive_weighted,110,1.0,9.101541,50000,50000,0
1.0,exhaustive_weighted,111,1.0,10.2185,50000,50000,0
1.0,exhaustive_weighted,112,1.0,8.735709,50000,50000,0
1.0,exhaustive_weighted,113,1.0,8.92475,50000,50000,0
1.0,exhaustive_weighted,114,1.0,8.345042,50000,50000,0
1.0,exhaustive_weighted,115,1.0,9.503,50000,50000,0
1.0,exhaustive_weighted,116,1.0,8.462292,50000,50000,0
1.0,exhaustive_weighted,117,1.0,9.509083,50000,50000,0
1.0,exhaustive_weighted,118,1.0,9.4885,50000,50000,0
1.0,exhaustive_weighted,119,1.0,9.245417,50000,50000,0
1.0,exhaustive_weighted,120,1.0,8.345792,50000,50000,0
1.0,exhaustive_weighted,121,1.0,9.572375,50000,50000,0
1.0,exhaustive_weighted,122,1.0,8.395125,50000,50000,0
1.0,exhaustive_weighted,123,1.0,9.592625,50000,50000,0
1.0,exhaustive_weighted,124,1.0,9.394417,50000,50000,0
1.0,exhaustive_weighted,125,1.0,9.167834,50000,50000,0
1.0,exhaustive_weighted,126,1.0,9.04225,50000,50000,0
1.0,exhaustive_weighted,127,1.0,8.609375,50000,50000,0
1.0,exhaustive_weighted,128,1.0,8.438833,50000,50000,0
1.0,exhaustive_weighted,129,1.0,9.02475,50000,50000,0
1.0,exhaustive_weighted,130,1.0,10.146541,50000,50000,0
1.0,exhaustive_weighted,131,1.0,9.659084,50000,50000,0
1.0,exhaustive_weighted,132,1.0,9.108167,50000,50000,0
1.0,exhaustive_weighted,133,1.0,8.487792,50000,50000,0
1.0,exhaustive_weighted,134,1.0,9.361417,50000,50000,0
1.0,exhaustive_weighted,135,1.0,8.369209,50000,50000,0
1.0,exhaustive_weighted,136,1.0,8.3825,50000,50000,0
1.0,exhaustive_weighted,137,1.0,10.45425,50000,50000,0
1.0,exhaustive_weighted,138,1.0,8.275708,50000,50000,0
1.0,exhaustive_weighted,139,1.0,9.023875,50000,50000,0
1.0,exhaustive_weighted,140,1.0,8.174625,50000,50000,0
1.0,exhaustive_weighted,141,1.0,8.822625,50000,50000,0
1.0,exhaustive_weighted,142,1.0,8.768416,50000,50000,0
1.0,exhaustive_weighted,143,1.0,9.469958,50000,50000,0
1.0,exhaustive_weighted,144,1.0,8.533833,50000,50000,0
1.0,exhaustive_weighted,145,1.0,9.380167,50000,50000,0
1.0,exhaustive_weighted,146,1.0,8.888625,50000,50000,0
1.0,exhaustive_weighted,147,1.0,8.904041,50000,50000,0
1.0,exhaustive_weighted,148,1.0,8.394708,50000,50000,0
1.0,exhaustive_weighted,149,1.0,8.429042,50000,50000,0
1.0,exhaustive_weighted,150,1.0,10.63,50000,50000,0
1.0,exhaustive_weighted,151,1.0,8.9455,50000,50000,0
1.0,exhaustive_weighted,152,1.0,8.405791,50000,50000,0
1.0,exhaustive_weighted,153,1.0,8.856459,50000,50000,0
1.0,exhaustive_weighted,154,1.0,9.041292,50000,50000,0
1.0,exhaustive_weighted,155,1.0,8.766584,50000,50000,0
1.0,exhaustive_weighted,156,1.0,9.639208,50000,50000,0
1.0,exhaustive_weighted,157,1.0,9.266083,50000,50000,0
1.0,exhaustive_weighted,158,1.0,8.922166,50000,50000,0
1.0,exhaustive_weighted,159,1.0,9.013917,50000,50000,0
1.0,exhaustive_weighted,160,1.0,8.519084,50000,50000,0
1.0,exhaustive_weighted,161,1.0,9.108792,50000,50000,0
1.0,exhaustive_weighted,162,1.0,8.126541,50000,50000,0
1.0,exhaustive_weighted,163,1.0,10.929,50000,50000,0
1.0,exhaustive_weighted,164,1.0,8.772042,50000,50000,0
1.0,exhaustive_weighted,165,1.0,8.501042,50000,50000,0
1.0,exhaustive_weighted,166,1.0,8.844084,50000,50000,0
1.0,exhaustive_weighted,167,1.0,8.990333,50000,50000,0
1.0,exhaustive_weighted,168,1.0,7.907417,50000,50000,0
1.0,exhaustive_weighted,169,1.0,10.229833,50000,50000,0
1.0,exhaustive_weighted,170,1.0,8.854083,50000,50000,0
1.0,exhaustive_weighted,171,1.0,8.914209,50000,50000,0
1.0,exhaustive_weighted,172,1.0,8.575333,50000,50000,0
1.0,exhaustive_weighted,173,1.0,8.82775,50000,50000,0
1.0,exhaustive_weighted,174,1.0,9.551042,50000,50000,0
1.0,exhaustive_weighted,175,1.0,8.625708,50000,50000,0
1.0,exhaustive_weighted,176,1.0,10.445875,50000,50000,0
1.0,exhaustive_weighted,177,1.0,9.000333,50000,50000,0
1.0,exhaustive_weighted,178,1.0,8.736417,50000,50000,0
1.0,exhaustive_weighted,179,1.0,8.95225,50000,50000,0
1.0,exhaustive_weighted,180,1.0,9.055416,50000,50000,0
1.0,exhaustive_weighted,181,1.0,8.112834,50000,50000,0
1.0,exhaustive_weighted,182,1.0,10.086125,50000,50000,0
1.0,exhaustive_weighted,183,1.0,8.857416,50000,50000,0
1.0,exhaustive_weighted,184,1.0,8.658,50000,50000,0
1.0,exhaustive_weighted,185,1.0,9.188916,50000,50000,0
1.0,exhaustive_weighted,186,1.0,8.309125,50000,50000,0
1.0,exhaustive_weighted,187,1.0,9.452583,50000,50000,0
1.0,exhaustive_weighted,188,1.0,8.234625,50000,50000,0
1.0,exhaustive_weighted,189,1.0,9.931042,50000,50000,0
1.0,exhaustive_weighted,190,1.0,8.854709,50000,50000,0
1.0,exhaustive_weighted,191,1.0,8.494458,50000,50000,0
1.0,exhaustive_weighted,192,1.0,8.172375,50000,50000,0
1.0,exhaustive_weighted,193,1.0,9.493459,50000,50000,0
1.0,exhaustive_weighted,194,1.0,7.781291,50000,50000,0
1.0,exhaustive_weighted,195,1.0,10.384375,50000,50000,0
1.0,exhaustive_weighted,196,1.0,8.673292,50000,50000,0
1.0,exhaustive_weighted,197,1.0,8.304292,50000,50000,0
1.0,exhaustive_weighted,198,1.0,9.127625,50000,50000,0
1.0,exhaustive_weighted,199,1.0,8.419333,50000,50000,0
1.0,certified_scan,0,1.0,11.293125,50000,50000,0
1.0,certified_scan,1,1.0,11.817042,50000,50000,0
1.0,certified_scan,2,1.0,10.25375,50000,50000,0
1.0,certified_scan,3,1.0,10.922625,50000,50000,0
1.0,certified_scan,4,1.0,11.113291,50000,50000,0
1.0,certified_scan,5,1.0,10.233875,50000,50000,0
1.0,certified_scan,6,1.0,10.753417,50000,50000,0
1.0,certified_scan,7,1.0,11.888834,50000,50000,0
1.0,certified_scan,8,1.0,11.309583,50000,50000,0
1.0,certified_scan,9,1.0,10.421333,50000,50000,0
1.0,certified_scan,10,1.0,10.337667,50000,50000,0
1.0,certified_scan,11,1.0,9.763875,50000,50000,0
1.0,certified_scan,12,1.0,9.363958,50000,50000,0
1.0,certified_scan,13,1.0,10.341458,50000,50000,0
1.0,certified_scan,14,1.0,10.030458,50000,50000,0
1.0,certified_scan,15,1.0,10.55925,50000,50000,0
1.0,certified_scan,16,1.0,9.481541,50000,50000,0
1.0,certified_scan,17,1.0,10.020125,50000,50000,0
1.0,certified_scan,18,1.0,9.808667,50000,50000,0
1.0,certified_scan,19,1.0,9.481209,50000,50000,0
1.0,certified_scan,20,1.0,10.36875,50000,50000,0
1.0,certified_scan,21,1.0,10.138584,50000,50000,0
1.0,certified_scan,22,1.0,9.802375,50000,50000,0
1.0,certified_scan,23,1.0,9.944459,50000,50000,0
1.0,certified_scan,24,1.0,9.545959,50000,50000,0
1.0,certified_scan,25,1.0,9.961792,50000,50000,0
1.0,certified_scan,26,1.0,9.749041,50000,50000,0
1.0,certified_scan,27,1.0,11.531292,50000,50000,0
1.0,certified_scan,28,1.0,10.8065,50000,50000,0
1.0,certified_scan,29,1.0,8.752292,50000,50000,0
1.0,certified_scan,30,1.0,10.047834,50000,50000,0
1.0,certified_scan,31,1.0,8.8955,50000,50000,0
1.0,certified_scan,32,1.0,8.342458,50000,50000,0
1.0,certified_scan,33,1.0,10.497042,50000,50000,0
1.0,certified_scan,34,1.0,8.754583,50000,50000,0
1.0,certified_scan,35,1.0,9.269,50000,50000,0
1.0,certified_scan,36,1.0,8.191084,50000,50000,0
1.0,certified_scan,37,1.0,8.8065,50000,50000,0
1.0,certified_scan,38,1.0,9.155333,50000,50000,0
1.0,certified_scan,39,1.0,9.175666,50000,50000,0
1.0,certified_scan,40,1.0,8.642209,50000,50000,0
1.0,certified_scan,41,1.0,9.544334,50000,50000,0
1.0,certified_scan,42,1.0,8.611,50000,50000,0
1.0,certified_scan,43,1.0,9.095667,50000,50000,0
1.0,certified_scan,44,1.0,8.443958,50000,50000,0
1.0,certified_scan,45,1.0,8.293459,50000,50000,0
1.0,certified_scan,46,1.0,10.195417,50000,50000,0
1.0,certified_scan,47,1.0,8.667417,50000,50000,0
1.0,certified_scan,48,1.0,8.501334,50000,50000,0
1.0,certified_scan,49,1.0,9.244375,50000,50000,0
1.0,certified_scan,50,1.0,8.444791,50000,50000,0
1.0,certified_scan,51,1.0,9.15325,50000,50000,0
1.0,certified_scan,52,1.0,9.098792,50000,50000,0
1.0,certified_scan,53,1.0,8.576834,50000,50000,0
1.0,certified_scan,54,1.0,9.754917,50000,50000,0
1.0,certified_scan,55,1.0,8.583166,50000,50000,0
1.0,certified_scan,56,1.0,8.337833,50000,50000,0
1.0,certified_scan,57,1.0,9.5265,50000,50000,0
1.0,certified_scan,58,1.0,8.510334,50000,50000,0
1.0,certified_scan,59,1.0,8.74425,50000,50000,0
1.0,certified_scan,60,1.0,7.726584,50000,50000,0
1.0,certified_scan,61,1.0,7.657584,50000,50000,0
1.0,certified_scan,62,1.0,8.697417,50000,50000,0
1.0,certified_scan,63,1.0,7.482375,50000,50000,0
1.0,certified_scan,64,1.0,7.613125,50000,50000,0
1.0,certified_scan,65,1.0,8.733167,50000,50000,0
1.0,certified_scan,66,1.0,8.85675,50000,50000,0
1.0,certified_scan,67,1.0,10.314583,50000,50000,0
1.0,certified_scan,68,1.0,9.427417,50000,50000,0
1.0,certified_scan,69,1.0,8.340292,50000,50000,0
1.0,certified_scan,70,1.0,8.572542,50000,50000,0
1.0,certified_scan,71,1.0,8.104458,50000,50000,0
1.0,certified_scan,72,1.0,7.667333,50000,50000,0
1.0,certified_scan,73,1.0,8.918209,50000,50000,0
1.0,certified_scan,74,1.0,8.081833,50000,50000,0
1.0,certified_scan,75,1.0,8.846584,50000,50000,0
1.0,certified_scan,76,1.0,12.113667,50000,50000,0
1.0,certified_scan,77,1.0,12.504833,50000,50000,0
1.0,certified_scan,78,1.0,12.354083,50000,50000,0
1.0,certified_scan,79,1.0,8.054333,50000,50000,0
1.0,certified_scan,80,1.0,8.899083,50000,50000,0
1.0,certified_scan,81,1.0,9.96775,50000,50000,0
1.0,certified_scan,82,1.0,8.909167,50000,50000,0
1.0,certified_scan,83,1.0,9.431209,50000,50000,0
1.0,certified_scan,84,1.0,8.374833,50000,50000,0
1.0,certified_scan,85,1.0,9.87675,50000,50000,0
1.0,certified_scan,86,1.0,8.9495,50000,50000,0
1.0,certified_scan,87,1.0,9.062583,50000,50000,0
1.0,certified_scan,88,1.0,8.3755,50000,50000,0
1.0,certified_scan,89,1.0,10.027125,50000,50000,0
1.0,certified_scan,90,1.0,8.823375,50000,50000,0
1.0,certified_scan,91,1.0,9.019292,50000,50000,0
1.0,certified_scan,92,1.0,8.3035,50000,50000,0
1.0,certified_scan,93,1.0,9.426625,50000,50000,0
1.0,certified_scan,94,1.0,9.511042,50000,50000,0
1.0,certified_scan,95,1.0,8.804333,50000,50000,0
1.0,certified_scan,96,1.0,8.679,50000,50000,0
1.0,certified_scan,97,1.0,9.695458,50000,50000,0
1.0,certified_scan,98,1.0,8.843292,50000,50000,0
1.0,certified_scan,99,1.0,9.061417,50000,50000,0
1.0,certified_scan,100,1.0,8.618291,50000,50000,0
1.0,certified_scan,101,1.0,9.22825,50000,50000,0
1.0,certified_scan,102,1.0,9.586959,50000,50000,0
1.0,certified_scan,103,1.0,8.573917,50000,50000,0
1.0,certified_scan,104,1.0,8.460875,50000,50000,0
1.0,certified_scan,105,1.0,9.796833,50000,50000,0
1.0,certified_scan,106,1.0,8.457958,50000,50000,0
1.0,certified_scan,107,1.0,9.509833,50000,50000,0
1.0,certified_scan,108,1.0,8.435292,50000,50000,0
1.0,certified_scan,109,1.0,8.819375,50000,50000,0
1.0,certified_scan,110,1.0,9.353833,50000,50000,0
1.0,certified_scan,111,1.0,8.715791,50000,50000,0
1.0,certified_scan,112,1.0,8.360833,50000,50000,0
1.0,certified_scan,113,1.0,9.678125,50000,50000,0
1.0,certified_scan,114,1.0,8.378542,50000,50000,0
1.0,certified_scan,115,1.0,9.578667,50000,50000,0
1.0,certified_scan,116,1.0,8.94125,50000,50000,0
1.0,certified_scan,117,1.0,9.139125,50000,50000,0
1.0,certified_scan,118,1.0,9.429208,50000,50000,0
1.0,certified_scan,119,1.0,8.671958,50000,50000,0
1.0,certified_scan,120,1.0,8.506291,50000,50000,0
1.0,certified_scan,121,1.0,9.334458,50000,50000,0
1.0,certified_scan,122,1.0,8.966792,50000,50000,0
1.0,certified_scan,123,1.0,9.122125,50000,50000,0
1.0,certified_scan,124,1.0,8.766042,50000,50000,0
1.0,certified_scan,125,1.0,8.33725,50000,50000,0
1.0,certified_scan,126,1.0,9.631208,50000,50000,0
1.0,certified_scan,127,1.0,8.491125,50000,50000,0
1.0,certified_scan,128,1.0,8.881833,50000,50000,0
1.0,certified_scan,129,1.0,9.677875,50000,50000,0
1.0,certified_scan,130,1.0,8.82425,50000,50000,0
1.0,certified_scan,131,1.0,9.236875,50000,50000,0
1.0,certified_scan,132,1.0,8.81975,50000,50000,0
1.0,certified_scan,133,1.0,9.01275,50000,50000,0
1.0,certified_scan,134,1.0,9.485917,50000,50000,0
1.0,certified_scan,135,1.0,9.078333,50000,50000,0
1.0,certified_scan,136,1.0,8.273667,50000,50000,0
1.0,certified_scan,137,1.0,10.086417,50000,50000,0
1.0,certified_scan,138,1.0,8.884084,50000,50000,0
1.0,certified_scan,139,1.0,9.698167,50000,50000,0
1.0,certified_scan,140,1.0,8.500708,50000,50000,0
1.0,certified_scan,141,1.0,8.559041,50000,50000,0
1.0,certified_scan,142,1.0,9.822458,50000,50000,0
1.0,certified_scan,143,1.0,8.451584,50000,50000,0
1.0,certified_scan,144,1.0,8.261834,50000,50000,0
1.0,certified_scan,145,1.0,9.437917,50000,50000,0
1.0,certified_scan,146,1.0,9.45425,50000,50000,0
1.0,certified_scan,147,1.0,8.833625,50000,50000,0
1.0,certified_scan,148,1.0,8.700791,50000,50000,0
1.0,certified_scan,149,1.0,9.234417,50000,50000,0
1.0,certified_scan,150,1.0,9.711875,50000,50000,0
1.0,certified_scan,151,1.0,8.432125,50000,50000,0
1.0,certified_scan,152,1.0,8.208625,50000,50000,0
1.0,certified_scan,153,1.0,9.504875,50000,50000,0
1.0,certified_scan,154,1.0,9.115333,50000,50000,0
1.0,certified_scan,155,1.0,9.316542,50000,50000,0
1.0,certified_scan,156,1.0,8.621792,50000,50000,0
1.0,certified_scan,157,1.0,8.918625,50000,50000,0
1.0,certified_scan,158,1.0,9.323708,50000,50000,0
1.0,certified_scan,159,1.0,8.475542,50000,50000,0
1.0,certified_scan,160,1.0,8.20475,50000,50000,0
1.0,certified_scan,161,1.0,9.89875,50000,50000,0
1.0,certified_scan,162,1.0,8.406625,50000,50000,0
1.0,certified_scan,163,1.0,9.234667,50000,50000,0
1.0,certified_scan,164,1.0,8.212208,50000,50000,0
1.0,certified_scan,165,1.0,8.839417,50000,50000,0
1.0,certified_scan,166,1.0,9.662416,50000,50000,0
1.0,certified_scan,167,1.0,8.183625,50000,50000,0
1.0,certified_scan,168,1.0,8.394458,50000,50000,0
1.0,certified_scan,169,1.0,9.2665,50000,50000,0
1.0,certified_scan,170,1.0,9.046416,50000,50000,0
1.0,certified_scan,171,1.0,9.123084,50000,50000,0
1.0,certified_scan,172,1.0,8.498042,50000,50000,0
1.0,certified_scan,173,1.0,8.366416,50000,50000,0
1.0,certified_scan,174,1.0,9.695792,50000,50000,0
1.0,certified_scan,175,1.0,8.721375,50000,50000,0
1.0,certified_scan,176,1.0,9.05775,50000,50000,0
1.0,certified_scan,177,1.0,8.828458,50000,50000,0
1.0,certified_scan,178,1.0,8.897375,50000,50000,0
1.0,certified_scan,179,1.0,9.596375,50000,50000,0
1.0,certified_scan,180,1.0,8.99825,50000,50000,0
1.0,certified_scan,181,1.0,8.508834,50000,50000,0
1.0,certified_scan,182,1.0,9.059042,50000,50000,0
1.0,certified_scan,183,1.0,9.120667,50000,50000,0
1.0,certified_scan,184,1.0,10.049334,50000,50000,0
1.0,certified_scan,185,1.0,9.375333,50000,50000,0
1.0,certified_scan,186,1.0,8.277375,50000,50000,0
1.0,certified_scan,187,1.0,9.842208,50000,50000,0
1.0,certified_scan,188,1.0,9.692042,50000,50000,0
1.0,certified_scan,189,1.0,8.600542,50000,50000,0
1.0,certified_scan,190,1.0,9.702667,50000,50000,0
1.0,certified_scan,191,1.0,9.634084,50000,50000,0
1.0,certified_scan,192,1.0,9.881625,50000,50000,0
1.0,certified_scan,193,1.0,9.906084,50000,50000,0
1.0,certified_scan,194,1.0,9.221542,50000,50000,0
1.0,certified_scan,195,1.0,9.694,50000,50000,0
1.0,certified_scan,196,1.0,10.103583,50000,50000,0
1.0,certified_scan,197,1.0,11.722666,50000,50000,0
1.0,certified_scan,198,1.0,23.523667,50000,50000,0
1.0,certified_scan,199,1.0,15.592375,50000,50000,0
1.0,ordinary_hnsw,0,1.0,6.780208,50000,100,1
1.0,ordinary_hnsw,1,1.0,5.260833,50000,100,1
1.0,ordinary_hnsw,2,1.0,5.719,50000,100,1
1.0,ordinary_hnsw,3,1.0,5.868416,50000,100,1
1.0,ordinary_hnsw,4,1.0,5.937917,50000,100,1
1.0,ordinary_hnsw,5,1.0,5.16975,50000,100,1
1.0,ordinary_hnsw,6,1.0,5.751083,50000,100,1
1.0,ordinary_hnsw,7,1.0,5.840083,50000,100,1
1.0,ordinary_hnsw,8,1.0,6.23575,50000,100,1
1.0,ordinary_hnsw,9,1.0,5.610209,50000,100,1
1.0,ordinary_hnsw,10,1.0,5.196875,50000,100,1
1.0,ordinary_hnsw,11,1.0,5.460708,50000,100,1
1.0,ordinary_hnsw,12,1.0,5.944459,50000,100,1
1.0,ordinary_hnsw,13,1.0,6.0585,50000,100,1
1.0,ordinary_hnsw,14,1.0,5.95975,50000,100,1
1.0,ordinary_hnsw,15,1.0,6.86775,50000,100,1
1.0,ordinary_hnsw,16,1.0,6.546458,50000,100,1
1.0,ordinary_hnsw,17,1.0,5.985292,50000,100,1
1.0,ordinary_hnsw,18,1.0,6.606875,50000,100,1
1.0,ordinary_hnsw,19,1.0,7.458333,50000,100,1
1.0,ordinary_hnsw,20,1.0,6.67375,50000,100,1
1.0,ordinary_hnsw,21,1.0,6.115209,50000,100,1
1.0,ordinary_hnsw,22,1.0,6.733708,50000,100,1
1.0,ordinary_hnsw,23,1.0,6.259166,50000,100,1
1.0,ordinary_hnsw,24,1.0,6.945834,50000,100,1
1.0,ordinary_hnsw,25,1.0,7.152459,50000,100,1
1.0,ordinary_hnsw,26,1.0,7.440709,50000,100,1
1.0,ordinary_hnsw,27,1.0,6.408792,50000,100,1
1.0,ordinary_hnsw,28,1.0,6.227875,50000,100,1
1.0,ordinary_hnsw,29,1.0,7.304958,50000,100,1
1.0,ordinary_hnsw,30,1.0,6.526541,50000,100,1
1.0,ordinary_hnsw,31,1.0,7.040667,50000,100,1
1.0,ordinary_hnsw,32,1.0,7.290292,50000,100,1
1.0,ordinary_hnsw,33,1.0,7.280625,50000,100,1
1.0,ordinary_hnsw,34,1.0,7.117958,50000,100,1
1.0,ordinary_hnsw,35,1.0,5.932834,50000,100,1
1.0,ordinary_hnsw,36,1.0,6.770042,50000,100,1
1.0,ordinary_hnsw,37,1.0,6.835667,50000,100,1
1.0,ordinary_hnsw,38,1.0,6.779833,50000,100,1
1.0,ordinary_hnsw,39,1.0,6.86725,50000,100,1
1.0,ordinary_hnsw,40,1.0,7.205667,50000,100,1
1.0,ordinary_hnsw,41,1.0,7.361792,50000,100,1
1.0,ordinary_hnsw,42,1.0,6.049583,50000,100,1
1.0,ordinary_hnsw,43,1.0,7.9005,50000,100,1
1.0,ordinary_hnsw,44,1.0,6.8345,50000,100,1
1.0,ordinary_hnsw,45,1.0,7.405875,50000,100,1
1.0,ordinary_hnsw,46,1.0,7.51075,50000,100,1
1.0,ordinary_hnsw,47,1.0,6.691,50000,100,1
1.0,ordinary_hnsw,48,1.0,6.953916,50000,100,1
1.0,ordinary_hnsw,49,1.0,5.93725,50000,100,1
1.0,ordinary_hnsw,50,1.0,10.235042,50000,100,1
1.0,ordinary_hnsw,51,1.0,9.185708,50000,100,1
1.0,ordinary_hnsw,52,1.0,8.21475,50000,100,1
1.0,ordinary_hnsw,53,1.0,8.067875,50000,100,1
1.0,ordinary_hnsw,54,1.0,15.22075,50000,100,1
1.0,ordinary_hnsw,55,1.0,10.954834,50000,100,1
1.0,ordinary_hnsw,56,1.0,11.745208,50000,100,1
1.0,ordinary_hnsw,57,1.0,8.840458,50000,100,1
1.0,ordinary_hnsw,58,1.0,8.326333,50000,100,1
1.0,ordinary_hnsw,59,1.0,8.163042,50000,100,1
1.0,ordinary_hnsw,60,1.0,11.312833,50000,100,1
1.0,ordinary_hnsw,61,1.0,6.26725,50000,100,1
1.0,ordinary_hnsw,62,1.0,9.160291,50000,100,1
1.0,ordinary_hnsw,63,1.0,8.139708,50000,100,1
1.0,ordinary_hnsw,64,1.0,8.779834,50000,100,1
1.0,ordinary_hnsw,65,1.0,6.614625,50000,100,1
1.0,ordinary_hnsw,66,1.0,12.425291,50000,100,1
1.0,ordinary_hnsw,67,1.0,15.507375,50000,100,1
1.0,ordinary_hnsw,68,1.0,13.743417,50000,100,1
1.0,ordinary_hnsw,69,1.0,9.260666,50000,100,1
1.0,ordinary_hnsw,70,1.0,8.651583,50000,100,1
1.0,ordinary_hnsw,71,1.0,7.158916,50000,100,1
1.0,ordinary_hnsw,72,1.0,12.850625,50000,100,1
1.0,ordinary_hnsw,73,1.0,11.532834,50000,100,1
1.0,ordinary_hnsw,74,1.0,6.877791,50000,100,1
1.0,ordinary_hnsw,75,1.0,9.60825,50000,100,1
1.0,ordinary_hnsw,76,1.0,7.158958,50000,100,1
1.0,ordinary_hnsw,77,1.0,8.162375,50000,100,1
1.0,ordinary_hnsw,78,1.0,7.601,50000,100,1
1.0,ordinary_hnsw,79,1.0,9.210292,50000,100,1
1.0,ordinary_hnsw,80,1.0,12.021917,50000,100,1
1.0,ordinary_hnsw,81,1.0,9.076583,50000,100,1
1.0,ordinary_hnsw,82,1.0,6.963916,50000,100,1
1.0,ordinary_hnsw,83,1.0,9.230875,50000,100,1
1.0,ordinary_hnsw,84,1.0,9.128208,50000,100,1
1.0,ordinary_hnsw,85,1.0,10.167958,50000,100,1
1.0,ordinary_hnsw,86,1.0,9.53575,50000,100,1
1.0,ordinary_hnsw,87,1.0,7.192834,50000,100,1
1.0,ordinary_hnsw,88,1.0,7.232709,50000,100,1
1.0,ordinary_hnsw,89,1.0,9.573125,50000,100,1
1.0,ordinary_hnsw,90,1.0,10.349834,50000,100,1
1.0,ordinary_hnsw,91,1.0,7.742416,50000,100,1
1.0,ordinary_hnsw,92,1.0,6.767875,50000,100,1
1.0,ordinary_hnsw,93,1.0,8.09125,50000,100,1
1.0,ordinary_hnsw,94,1.0,7.955,50000,100,1
1.0,ordinary_hnsw,95,1.0,8.749541,50000,100,1
1.0,ordinary_hnsw,96,1.0,7.385208,50000,100,1
1.0,ordinary_hnsw,97,1.0,7.657625,50000,100,1
1.0,ordinary_hnsw,98,1.0,7.596625,50000,100,1
1.0,ordinary_hnsw,99,1.0,7.343417,50000,100,1
1.0,ordinary_hnsw,100,1.0,7.615459,50000,100,1
1.0,ordinary_hnsw,101,1.0,7.818459,50000,100,1
1.0,ordinary_hnsw,102,1.0,6.809959,50000,100,1
1.0,ordinary_hnsw,103,1.0,10.258625,50000,100,1
1.0,ordinary_hnsw,104,1.0,7.863875,50000,100,1
1.0,ordinary_hnsw,105,1.0,8.701292,50000,100,1
1.0,ordinary_hnsw,106,1.0,9.198834,50000,100,1
1.0,ordinary_hnsw,107,1.0,8.943375,50000,100,1
1.0,ordinary_hnsw,108,1.0,7.544833,50000,100,1
1.0,ordinary_hnsw,109,1.0,9.3735,50000,100,1
1.0,ordinary_hnsw,110,1.0,7.405708,50000,100,1
1.0,ordinary_hnsw,111,1.0,10.519667,50000,100,1
1.0,ordinary_hnsw,112,1.0,7.359792,50000,100,1
1.0,ordinary_hnsw,113,1.0,7.769791,50000,100,1
1.0,ordinary_hnsw,114,1.0,7.848834,50000,100,1
1.0,ordinary_hnsw,115,1.0,8.710416,50000,100,1
1.0,ordinary_hnsw,116,1.0,8.182709,50000,100,1
1.0,ordinary_hnsw,117,1.0,7.402667,50000,100,1
1.0,ordinary_hnsw,118,1.0,7.718,50000,100,1
1.0,ordinary_hnsw,119,1.0,9.813458,50000,100,1
1.0,ordinary_hnsw,120,1.0,6.696167,50000,100,1
1.0,ordinary_hnsw,121,1.0,7.732458,50000,100,1
1.0,ordinary_hnsw,122,1.0,7.078,50000,100,1
1.0,ordinary_hnsw,123,1.0,8.366084,50000,100,1
1.0,ordinary_hnsw,124,1.0,7.836417,50000,100,1
1.0,ordinary_hnsw,125,1.0,7.800375,50000,100,1
1.0,ordinary_hnsw,126,1.0,7.252458,50000,100,1
1.0,ordinary_hnsw,127,1.0,7.2255,50000,100,1
1.0,ordinary_hnsw,128,1.0,8.310875,50000,100,1
1.0,ordinary_hnsw,129,1.0,6.626,50000,100,1
1.0,ordinary_hnsw,130,1.0,7.426917,50000,100,1
1.0,ordinary_hnsw,131,1.0,7.435292,50000,100,1
1.0,ordinary_hnsw,132,1.0,8.333584,50000,100,1
1.0,ordinary_hnsw,133,1.0,7.020542,50000,100,1
1.0,ordinary_hnsw,134,1.0,7.434333,50000,100,1
1.0,ordinary_hnsw,135,1.0,7.577708,50000,100,1
1.0,ordinary_hnsw,136,1.0,7.605083,50000,100,1
1.0,ordinary_hnsw,137,1.0,7.435541,50000,100,1
1.0,ordinary_hnsw,138,1.0,7.24725,50000,100,1
1.0,ordinary_hnsw,139,1.0,8.643958,50000,100,1
1.0,ordinary_hnsw,140,1.0,6.577583,50000,100,1
1.0,ordinary_hnsw,141,1.0,9.431875,50000,100,1
1.0,ordinary_hnsw,142,1.0,7.476,50000,100,1
1.0,ordinary_hnsw,143,1.0,7.708416,50000,100,1
1.0,ordinary_hnsw,144,1.0,7.431083,50000,100,1
1.0,ordinary_hnsw,145,1.0,7.980792,50000,100,1
1.0,ordinary_hnsw,146,1.0,8.399375,50000,100,1
1.0,ordinary_hnsw,147,1.0,8.3075,50000,100,1
1.0,ordinary_hnsw,148,1.0,8.260625,50000,100,1
1.0,ordinary_hnsw,149,1.0,8.268667,50000,100,1
1.0,ordinary_hnsw,150,1.0,7.29425,50000,100,1
1.0,ordinary_hnsw,151,1.0,8.816541,50000,100,1
1.0,ordinary_hnsw,152,1.0,7.09,50000,100,1
1.0,ordinary_hnsw,153,1.0,7.753042,50000,100,1
1.0,ordinary_hnsw,154,1.0,8.973125,50000,100,1
1.0,ordinary_hnsw,155,1.0,7.648916,50000,100,1
1.0,ordinary_hnsw,156,1.0,7.398833,50000,100,1
1.0,ordinary_hnsw,157,1.0,7.415334,50000,100,1
1.0,ordinary_hnsw,158,1.0,7.617333,50000,100,1
1.0,ordinary_hnsw,159,1.0,8.267208,50000,100,1
1.0,ordinary_hnsw,160,1.0,7.725375,50000,100,1
1.0,ordinary_hnsw,161,1.0,7.67525,50000,100,1
1.0,ordinary_hnsw,162,1.0,9.003625,50000,100,1
1.0,ordinary_hnsw,163,1.0,7.502333,50000,100,1
1.0,ordinary_hnsw,164,1.0,8.415959,50000,100,1
1.0,ordinary_hnsw,165,1.0,8.225084,50000,100,1
1.0,ordinary_hnsw,166,1.0,8.13575,50000,100,1
1.0,ordinary_hnsw,167,1.0,7.063667,50000,100,1
1.0,ordinary_hnsw,168,1.0,8.732167,50000,100,1
1.0,ordinary_hnsw,169,1.0,8.201459,50000,100,1
1.0,ordinary_hnsw,170,1.0,8.495042,50000,100,1
1.0,ordinary_hnsw,171,1.0,7.8835,50000,100,1
1.0,ordinary_hnsw,172,1.0,8.096208,50000,100,1
1.0,ordinary_hnsw,173,1.0,7.826417,50000,100,1
1.0,ordinary_hnsw,174,1.0,7.658916,50000,100,1
1.0,ordinary_hnsw,175,1.0,8.408833,50000,100,1
1.0,ordinary_hnsw,176,1.0,8.539084,50000,100,1
1.0,ordinary_hnsw,177,1.0,7.65175,50000,100,1
1.0,ordinary_hnsw,178,1.0,8.151667,50000,100,1
1.0,ordinary_hnsw,179,1.0,7.499667,50000,100,1
1.0,ordinary_hnsw,180,1.0,7.482792,50000,100,1
1.0,ordinary_hnsw,181,1.0,7.849125,50000,100,1
1.0,ordinary_hnsw,182,1.0,7.580542,50000,100,1
1.0,ordinary_hnsw,183,1.0,8.049041,50000,100,1
1.0,ordinary_hnsw,184,1.0,8.069916,50000,100,1
1.0,ordinary_hnsw,185,1.0,8.071708,50000,100,1
1.0,ordinary_hnsw,186,1.0,7.914,50000,100,1
1.0,ordinary_hnsw,187,1.0,7.854791,50000,100,1
1.0,ordinary_hnsw,188,1.0,7.445875,50000,100,1
1.0,ordinary_hnsw,189,1.0,9.480625,50000,100,1
1.0,ordinary_hnsw,190,1.0,7.326125,50000,100,1
1.0,ordinary_hnsw,191,1.0,7.9395,50000,100,1
1.0,ordinary_hnsw,192,1.0,7.949875,50000,100,1
1.0,ordinary_hnsw,193,1.0,7.975083,50000,100,1
1.0,ordinary_hnsw,194,1.0,7.36725,50000,100,1
1.0,ordinary_hnsw,195,1.0,7.250959,50000,100,1
1.0,ordinary_hnsw,196,1.0,7.240583,50000,100,1
1.0,ordinary_hnsw,197,1.0,8.411708,50000,100,1
1.0,ordinary_hnsw,198,1.0,7.720833,50000,100,1
1.0,ordinary_hnsw,199,1.0,7.26175,50000,100,1
1.0,fixed_recency,0,0.0,3.668916,500,6,1
1.0,fixed_recency,1,0.0,3.602875,500,2,1
1.0,fixed_recency,2,0.0,3.895834,500,7,1
1.0,fixed_recency,3,0.0,3.379875,500,4,1
1.0,fixed_recency,4,0.0,3.240042,500,3,1
1.0,fixed_recency,5,0.0,3.513,500,2,1
1.0,fixed_recency,6,0.0,3.8475,500,1,1
1.0,fixed_recency,7,0.0,4.189459,500,10,1
1.0,fixed_recency,8,0.0,3.907875,500,4,1
1.0,fixed_recency,9,0.0,3.672,500,4,1
1.0,fixed_recency,10,0.0,4.862834,500,9,1
1.0,fixed_recency,11,0.0,4.846334,500,8,1
1.0,fixed_recency,12,0.0,3.561167,500,8,1
1.0,fixed_recency,13,0.0,4.046083,500,5,1
1.0,fixed_recency,14,0.0,4.151,500,5,1
1.0,fixed_recency,15,0.0,3.760958,500,9,1
1.0,fixed_recency,16,0.0,3.367417,500,1,1
1.0,fixed_recency,17,0.0,3.911291,500,6,1
1.0,fixed_recency,18,0.0,4.102333,500,9,1
1.0,fixed_recency,19,0.0,3.6515,500,4,1
1.0,fixed_recency,20,0.0,3.762292,500,11,1
1.0,fixed_recency,21,0.0,3.54575,500,3,1
1.0,fixed_recency,22,0.0,3.023667,500,4,1
1.0,fixed_recency,23,0.0,2.841916,500,8,1
1.0,fixed_recency,24,0.0,3.379459,500,6,1
1.0,fixed_recency,25,0.0,4.214916,500,2,1
1.0,fixed_recency,26,0.0,3.44675,500,4,1
1.0,fixed_recency,27,0.0,3.224375,500,5,1
1.0,fixed_recency,28,0.0,3.18525,500,8,1
1.0,fixed_recency,29,0.0,4.368667,500,5,1
1.0,fixed_recency,30,0.0,3.171666,500,2,1
1.0,fixed_recency,31,0.0,2.829791,500,5,1
1.0,fixed_recency,32,0.0,3.210417,500,7,1
1.0,fixed_recency,33,0.0,3.15375,500,2,1
1.0,fixed_recency,34,0.0,4.48075,500,4,1
1.0,fixed_recency,35,0.0,3.341541,500,2,1
1.0,fixed_recency,36,0.0,2.872,500,0,1
1.0,fixed_recency,37,0.0,3.483167,500,5,1
1.0,fixed_recency,38,0.0,3.252791,500,1,1
1.0,fixed_recency,39,0.0,3.480125,500,4,1
1.0,fixed_recency,40,0.0,2.792,500,3,1
1.0,fixed_recency,41,0.0,3.202209,500,6,1
1.0,fixed_recency,42,0.0,3.48375,500,3,1
1.0,fixed_recency,43,0.0,3.862833,500,8,1
1.0,fixed_recency,44,0.0,3.63875,500,6,1
1.0,fixed_recency,45,0.0,3.056667,500,4,1
1.0,fixed_recency,46,0.0,3.162208,500,8,1
1.0,fixed_recency,47,0.0,2.92825,500,1,1
1.0,fixed_recency,48,0.0,2.833125,500,5,1
1.0,fixed_recency,49,0.0,3.545834,500,6,1
1.0,fixed_recency,50,0.0,3.405125,500,2,1
1.0,fixed_recency,51,0.0,3.55675,500,1,1
1.0,fixed_recency,52,0.0,3.333042,500,7,1
1.0,fixed_recency,53,0.0,3.14375,500,9,1
1.0,fixed_recency,54,0.0,3.753334,500,5,1
1.0,fixed_recency,55,0.0,3.09975,500,7,1
1.0,fixed_recency,56,0.0,2.827417,500,4,1
1.0,fixed_recency,57,0.0,3.522875,500,3,1
1.0,fixed_recency,58,0.0,3.364666,500,2,1
1.0,fixed_recency,59,0.0,4.146292,500,2,1
1.0,fixed_recency,60,0.0,3.152333,500,1,1
1.0,fixed_recency,61,0.0,2.931083,500,5,1
1.0,fixed_recency,62,0.0,3.649917,500,5,1
1.0,fixed_recency,63,0.0,3.102792,500,2,1
1.0,fixed_recency,64,0.2,3.318916,500,6,1
1.0,fixed_recency,65,0.0,2.857625,500,3,1
1.0,fixed_recency,66,0.0,3.805208,500,9,1
1.0,fixed_recency,67,0.0,4.253667,500,15,1
1.0,fixed_recency,68,0.0,3.771083,500,7,1
1.0,fixed_recency,69,0.0,3.253833,500,2,1
1.0,fixed_recency,70,0.0,3.266125,500,4,1
1.0,fixed_recency,71,0.0,2.981333,500,5,1
1.0,fixed_recency,72,0.0,3.156833,500,8,1
1.0,fixed_recency,73,0.0,3.064542,500,10,1
1.0,fixed_recency,74,0.0,3.790791,500,4,1
1.0,fixed_recency,75,0.0,3.243042,500,2,1
1.0,fixed_recency,76,0.0,3.225625,500,4,1
1.0,fixed_recency,77,0.2,3.144291,500,2,1
1.0,fixed_recency,78,0.0,3.068875,500,2,1
1.0,fixed_recency,79,0.0,3.337084,500,8,1
1.0,fixed_recency,80,0.0,2.69525,500,3,1
1.0,fixed_recency,81,0.0,2.819291,500,7,1
1.0,fixed_recency,82,0.0,3.01775,500,7,1
1.0,fixed_recency,83,0.0,3.020208,500,8,1
1.0,fixed_recency,84,0.2,4.24525,500,5,1
1.0,fixed_recency,85,0.0,3.146292,500,5,1
1.0,fixed_recency,86,0.0,3.058084,500,6,1
1.0,fixed_recency,87,0.0,3.012333,500,7,1
1.0,fixed_recency,88,0.0,3.039084,500,5,1
1.0,fixed_recency,89,0.2,3.549333,500,10,1
1.0,fixed_recency,90,0.0,2.953416,500,2,1
1.0,fixed_recency,91,0.0,3.347125,500,5,1
1.0,fixed_recency,92,0.0,3.504708,500,2,1
1.0,fixed_recency,93,0.0,3.570125,500,6,1
1.0,fixed_recency,94,0.0,3.733417,500,16,1
1.0,fixed_recency,95,0.0,3.113834,500,1,1
1.0,fixed_recency,96,0.0,2.928625,500,7,1
1.0,fixed_recency,97,0.0,2.79175,500,6,1
1.0,fixed_recency,98,0.0,2.858042,500,2,1
1.0,fixed_recency,99,0.0,3.716833,500,8,1
1.0,fixed_recency,100,0.0,3.45275,500,6,1
1.0,fixed_recency,101,0.0,3.128875,500,2,1
1.0,fixed_recency,102,0.0,2.766334,500,2,1
1.0,fixed_recency,103,0.0,3.629583,500,2,1
1.0,fixed_recency,104,0.0,3.561292,500,12,1
1.0,fixed_recency,105,0.0,3.076625,500,3,1
1.0,fixed_recency,106,0.0,2.963375,500,6,1
1.0,fixed_recency,107,0.0,3.192083,500,9,1
1.0,fixed_recency,108,0.0,3.847875,500,5,1
1.0,fixed_recency,109,0.0,4.133958,500,14,1
1.0,fixed_recency,110,0.0,3.199667,500,8,1
1.0,fixed_recency,111,0.0,3.137583,500,9,1
1.0,fixed_recency,112,0.0,3.069417,500,3,1
1.0,fixed_recency,113,0.0,2.920125,500,2,1
1.0,fixed_recency,114,0.0,2.843208,500,8,1
1.0,fixed_recency,115,0.0,3.721584,500,10,1
1.0,fixed_recency,116,0.0,3.536667,500,11,1
1.0,fixed_recency,117,0.0,3.419708,500,8,1
1.0,fixed_recency,118,0.0,3.451917,500,7,1
1.0,fixed_recency,119,0.0,3.34825,500,9,1
1.0,fixed_recency,120,0.0,3.195334,500,5,1
1.0,fixed_recency,121,0.0,2.9575,500,8,1
1.0,fixed_recency,122,0.0,2.739792,500,2,1
1.0,fixed_recency,123,0.0,3.272958,500,4,1
1.0,fixed_recency,124,0.0,3.398666,500,5,1
1.0,fixed_recency,125,0.0,3.956833,500,9,1
1.0,fixed_recency,126,0.0,3.079291,500,4,1
1.0,fixed_recency,127,0.0,2.671834,500,2,1
1.0,fixed_recency,128,0.0,3.735541,500,8,1
1.0,fixed_recency,129,0.0,3.056875,500,5,1
1.0,fixed_recency,130,0.0,2.972459,500,4,1
1.0,fixed_recency,131,0.0,2.969791,500,6,1
1.0,fixed_recency,132,0.0,3.0535,500,4,1
1.0,fixed_recency,133,0.0,3.327875,500,7,1
1.0,fixed_recency,134,0.2,3.719083,500,11,1
1.0,fixed_recency,135,0.0,3.285167,500,5,1
1.0,fixed_recency,136,0.0,2.864083,500,7,1
1.0,fixed_recency,137,0.0,2.702917,500,2,1
1.0,fixed_recency,138,0.0,2.363833,500,4,1
1.0,fixed_recency,139,0.0,2.91725,500,7,1
1.0,fixed_recency,140,0.0,3.107375,500,2,1
1.0,fixed_recency,141,0.0,3.414708,500,4,1
1.0,fixed_recency,142,0.0,3.046,500,4,1
1.0,fixed_recency,143,0.0,2.56225,500,4,1
1.0,fixed_recency,144,0.0,2.584916,500,2,1
1.0,fixed_recency,145,0.0,2.938209,500,9,1
1.0,fixed_recency,146,0.0,2.762875,500,1,1
1.0,fixed_recency,147,0.0,2.576917,500,1,1
1.0,fixed_recency,148,0.0,2.826541,500,7,1
1.0,fixed_recency,149,0.0,3.053459,500,5,1
1.0,fixed_recency,150,0.0,3.124583,500,3,1
1.0,fixed_recency,151,0.0,3.04475,500,2,1
1.0,fixed_recency,152,0.0,3.217584,500,4,1
1.0,fixed_recency,153,0.0,3.219625,500,10,1
1.0,fixed_recency,154,0.0,2.789292,500,11,1
1.0,fixed_recency,155,0.0,2.451875,500,7,1
1.0,fixed_recency,156,0.0,2.919584,500,4,1
1.0,fixed_recency,157,0.0,2.806917,500,7,1
1.0,fixed_recency,158,0.0,4.109,500,2,1
1.0,fixed_recency,159,0.2,3.000959,500,14,1
1.0,fixed_recency,160,0.0,2.665167,500,1,1
1.0,fixed_recency,161,0.0,2.815291,500,4,1
1.0,fixed_recency,162,0.0,2.724542,500,3,1
1.0,fixed_recency,163,0.0,2.7305,500,5,1
1.0,fixed_recency,164,0.0,2.861584,500,5,1
1.0,fixed_recency,165,0.0,3.442917,500,11,1
1.0,fixed_recency,166,0.0,3.131125,500,2,1
1.0,fixed_recency,167,0.0,3.332416,500,1,1
1.0,fixed_recency,168,0.0,3.3395,500,17,1
1.0,fixed_recency,169,0.0,3.362583,500,8,1
1.0,fixed_recency,170,0.0,2.793041,500,10,1
1.0,fixed_recency,171,0.0,2.499625,500,6,1
1.0,fixed_recency,172,0.0,2.474375,500,2,1
1.0,fixed_recency,173,0.0,3.011792,500,1,1
1.0,fixed_recency,174,0.0,4.13525,500,8,1
1.0,fixed_recency,175,0.0,3.010916,500,6,1
1.0,fixed_recency,176,0.0,2.685041,500,5,1
1.0,fixed_recency,177,0.0,2.776042,500,2,1
1.0,fixed_recency,178,0.2,2.912416,500,5,1
1.0,fixed_recency,179,0.0,2.440083,500,4,1
1.0,fixed_recency,180,0.0,3.299542,500,2,1
1.0,fixed_recency,181,0.0,2.908541,500,5,1
1.0,fixed_recency,182,0.0,3.01575,500,5,1
1.0,fixed_recency,183,0.0,2.923209,500,7,1
1.0,fixed_recency,184,0.0,3.141917,500,9,1
1.0,fixed_recency,185,0.0,2.817625,500,2,1
1.0,fixed_recency,186,0.0,3.603875,500,7,1
1.0,fixed_recency,187,0.0,2.518792,500,1,1
1.0,fixed_recency,188,0.0,2.504708,500,7,1
1.0,fixed_recency,189,0.0,3.537458,500,13,1
1.0,fixed_recency,190,0.0,3.063958,500,2,1
1.0,fixed_recency,191,0.0,3.494542,500,5,1
1.0,fixed_recency,192,0.0,2.633375,500,2,1
1.0,fixed_recency,193,0.0,2.849416,500,12,1
1.0,fixed_recency,194,0.0,2.731,500,5,1
1.0,fixed_recency,195,0.0,2.877792,500,3,1
1.0,fixed_recency,196,0.0,2.425875,500,2,1
1.0,fixed_recency,197,0.0,3.026167,500,8,1
1.0,fixed_recency,198,0.0,2.688125,500,2,1
1.0,fixed_recency,199,0.0,3.033333,500,4,1
1.0,adaptive_temporal,0,1.0,6.85625,50000,100,1
1.0,adaptive_temporal,1,1.0,6.657167,50000,100,1
1.0,adaptive_temporal,2,1.0,6.523416,50000,100,1
1.0,adaptive_temporal,3,1.0,7.696458,50000,100,1
1.0,adaptive_temporal,4,1.0,7.938292,50000,100,1
1.0,adaptive_temporal,5,1.0,7.594125,50000,100,1
1.0,adaptive_temporal,6,1.0,6.985167,50000,100,1
1.0,adaptive_temporal,7,1.0,7.3265,50000,100,1
1.0,adaptive_temporal,8,1.0,7.27325,50000,100,1
1.0,adaptive_temporal,9,1.0,6.839833,50000,100,1
1.0,adaptive_temporal,10,1.0,6.438458,50000,100,1
1.0,adaptive_temporal,11,1.0,6.692458,50000,100,1
1.0,adaptive_temporal,12,1.0,6.81925,50000,100,1
1.0,adaptive_temporal,13,1.0,7.283416,50000,100,1
1.0,adaptive_temporal,14,1.0,7.627125,50000,100,1
1.0,adaptive_temporal,15,1.0,7.204666,50000,100,1
1.0,adaptive_temporal,16,1.0,7.738958,50000,100,1
1.0,adaptive_temporal,17,1.0,6.601,50000,100,1
1.0,adaptive_temporal,18,1.0,8.47375,50000,100,1
1.0,adaptive_temporal,19,1.0,7.490041,50000,100,1
1.0,adaptive_temporal,20,1.0,7.993375,50000,100,1
1.0,adaptive_temporal,21,1.0,8.007958,50000,100,1
1.0,adaptive_temporal,22,1.0,7.66825,50000,100,1
1.0,adaptive_temporal,23,1.0,8.083125,50000,100,1
1.0,adaptive_temporal,24,1.0,7.372042,50000,100,1
1.0,adaptive_temporal,25,1.0,8.173458,50000,100,1
1.0,adaptive_temporal,26,1.0,7.2455,50000,100,1
1.0,adaptive_temporal,27,1.0,8.233542,50000,100,1
1.0,adaptive_temporal,28,1.0,7.04125,50000,100,1
1.0,adaptive_temporal,29,1.0,8.587875,50000,100,1
1.0,adaptive_temporal,30,1.0,7.840291,50000,100,1
1.0,adaptive_temporal,31,1.0,8.554375,50000,100,1
1.0,adaptive_temporal,32,1.0,8.201333,50000,100,1
1.0,adaptive_temporal,33,1.0,8.840792,50000,100,1
1.0,adaptive_temporal,34,1.0,8.257916,50000,100,1
1.0,adaptive_temporal,35,1.0,8.622,50000,100,1
1.0,adaptive_temporal,36,1.0,7.536375,50000,100,1
1.0,adaptive_temporal,37,1.0,7.343541,50000,100,1
1.0,adaptive_temporal,38,1.0,7.411792,50000,100,1
1.0,adaptive_temporal,39,1.0,8.147834,50000,100,1
1.0,adaptive_temporal,40,1.0,7.345833,50000,100,1
1.0,adaptive_temporal,41,1.0,7.420333,50000,100,1
1.0,adaptive_temporal,42,1.0,7.344917,50000,100,1
1.0,adaptive_temporal,43,1.0,6.977917,50000,100,1
1.0,adaptive_temporal,44,1.0,7.779959,50000,100,1
1.0,adaptive_temporal,45,1.0,7.363708,50000,100,1
1.0,adaptive_temporal,46,1.0,8.262041,50000,100,1
1.0,adaptive_temporal,47,1.0,6.955042,50000,100,1
1.0,adaptive_temporal,48,1.0,7.678291,50000,100,1
1.0,adaptive_temporal,49,1.0,6.853375,50000,100,1
1.0,adaptive_temporal,50,1.0,7.034167,50000,100,1
1.0,adaptive_temporal,51,1.0,7.376292,50000,100,1
1.0,adaptive_temporal,52,1.0,7.544834,50000,100,1
1.0,adaptive_temporal,53,1.0,7.547167,50000,100,1
1.0,adaptive_temporal,54,1.0,7.376459,50000,100,1
1.0,adaptive_temporal,55,1.0,7.560459,50000,100,1
1.0,adaptive_temporal,56,1.0,6.962208,50000,100,1
1.0,adaptive_temporal,57,1.0,7.982417,50000,100,1
1.0,adaptive_temporal,58,1.0,6.888417,50000,100,1
1.0,adaptive_temporal,59,1.0,7.375333,50000,100,1
1.0,adaptive_temporal,60,1.0,7.341333,50000,100,1
1.0,adaptive_temporal,61,1.0,7.210167,50000,100,1
1.0,adaptive_temporal,62,1.0,6.916458,50000,100,1
1.0,adaptive_temporal,63,1.0,6.772209,50000,100,1
1.0,adaptive_temporal,64,1.0,7.585667,50000,100,1
1.0,adaptive_temporal,65,1.0,6.751042,50000,100,1
1.0,adaptive_temporal,66,1.0,8.326292,50000,100,1
1.0,adaptive_temporal,67,1.0,7.968125,50000,100,1
1.0,adaptive_temporal,68,1.0,8.620416,50000,100,1
1.0,adaptive_temporal,69,1.0,7.286125,50000,100,1
1.0,adaptive_temporal,70,1.0,7.251875,50000,100,1
1.0,adaptive_temporal,71,1.0,7.590375,50000,100,1
1.0,adaptive_temporal,72,1.0,8.279125,50000,100,1
1.0,adaptive_temporal,73,1.0,8.379208,50000,100,1
1.0,adaptive_temporal,74,1.0,7.752667,50000,100,1
1.0,adaptive_temporal,75,1.0,8.388875,50000,100,1
1.0,adaptive_temporal,76,1.0,8.257083,50000,100,1
1.0,adaptive_temporal,77,1.0,7.46825,50000,100,1
1.0,adaptive_temporal,78,1.0,8.19375,50000,100,1
1.0,adaptive_temporal,79,1.0,8.436292,50000,100,1
1.0,adaptive_temporal,80,1.0,7.339458,50000,100,1
1.0,adaptive_temporal,81,1.0,7.329,50000,100,1
1.0,adaptive_temporal,82,1.0,7.593375,50000,100,1
1.0,adaptive_temporal,83,1.0,8.143917,50000,100,1
1.0,adaptive_temporal,84,1.0,8.55125,50000,100,1
1.0,adaptive_temporal,85,1.0,7.262542,50000,100,1
1.0,adaptive_temporal,86,1.0,7.146416,50000,100,1
1.0,adaptive_temporal,87,1.0,7.826625,50000,100,1
1.0,adaptive_temporal,88,1.0,7.586416,50000,100,1
1.0,adaptive_temporal,89,1.0,8.593917,50000,100,1
1.0,adaptive_temporal,90,1.0,7.737459,50000,100,1
1.0,adaptive_temporal,91,1.0,7.666625,50000,100,1
1.0,adaptive_temporal,92,1.0,7.465167,50000,100,1
1.0,adaptive_temporal,93,1.0,7.161833,50000,100,1
1.0,adaptive_temporal,94,1.0,8.582083,50000,100,1
1.0,adaptive_temporal,95,1.0,7.629708,50000,100,1
1.0,adaptive_temporal,96,1.0,9.012333,50000,100,1
1.0,adaptive_temporal,97,1.0,8.613,50000,100,1
1.0,adaptive_temporal,98,1.0,8.166417,50000,100,1
1.0,adaptive_temporal,99,1.0,8.174666,50000,100,1
1.0,adaptive_temporal,100,1.0,7.867042,50000,100,1
1.0,adaptive_temporal,101,1.0,7.089583,50000,100,1
1.0,adaptive_temporal,102,1.0,7.437167,50000,100,1
1.0,adaptive_temporal,103,1.0,6.864709,50000,100,1
1.0,adaptive_temporal,104,1.0,7.605084,50000,100,1
1.0,adaptive_temporal,105,1.0,7.72675,50000,100,1
1.0,adaptive_temporal,106,1.0,8.1905,50000,100,1
1.0,adaptive_temporal,107,1.0,8.253917,50000,100,1
1.0,adaptive_temporal,108,1.0,7.588584,50000,100,1
1.0,adaptive_temporal,109,1.0,7.905542,50000,100,1
1.0,adaptive_temporal,110,1.0,7.001292,50000,100,1
1.0,adaptive_temporal,111,1.0,8.562583,50000,100,1
1.0,adaptive_temporal,112,1.0,6.916667,50000,100,1
1.0,adaptive_temporal,113,1.0,7.65375,50000,100,1
1.0,adaptive_temporal,114,1.0,6.945625,50000,100,1
1.0,adaptive_temporal,115,1.0,7.878667,50000,100,1
1.0,adaptive_temporal,116,1.0,8.134625,50000,100,1
1.0,adaptive_temporal,117,1.0,7.089583,50000,100,1
1.0,adaptive_temporal,118,1.0,7.355125,50000,100,1
1.0,adaptive_temporal,119,1.0,8.079375,50000,100,1
1.0,adaptive_temporal,120,1.0,6.824042,50000,100,1
1.0,adaptive_temporal,121,1.0,6.88725,50000,100,1
1.0,adaptive_temporal,122,1.0,6.9715,50000,100,1
1.0,adaptive_temporal,123,1.0,7.664,50000,100,1
1.0,adaptive_temporal,124,1.0,7.536666,50000,100,1
1.0,adaptive_temporal,125,1.0,7.953666,50000,100,1
1.0,adaptive_temporal,126,1.0,7.181125,50000,100,1
1.0,adaptive_temporal,127,1.0,7.112542,50000,100,1
1.0,adaptive_temporal,128,1.0,6.873084,50000,100,1
1.0,adaptive_temporal,129,1.0,6.802833,50000,100,1
1.0,adaptive_temporal,130,1.0,6.853,50000,100,1
1.0,adaptive_temporal,131,1.0,7.281792,50000,100,1
1.0,adaptive_temporal,132,1.0,7.396709,50000,100,1
1.0,adaptive_temporal,133,1.0,7.346083,50000,100,1
1.0,adaptive_temporal,134,1.0,7.794041,50000,100,1
1.0,adaptive_temporal,135,1.0,7.703667,50000,100,1
1.0,adaptive_temporal,136,1.0,7.607208,50000,100,1
1.0,adaptive_temporal,137,1.0,6.808625,50000,100,1
1.0,adaptive_temporal,138,1.0,7.936667,50000,100,1
1.0,adaptive_temporal,139,1.0,7.31475,50000,100,1
1.0,adaptive_temporal,140,1.0,7.393333,50000,100,1
1.0,adaptive_temporal,141,1.0,7.770625,50000,100,1
1.0,adaptive_temporal,142,1.0,7.618958,50000,100,1
1.0,adaptive_temporal,143,1.0,7.223667,50000,100,1
1.0,adaptive_temporal,144,1.0,7.286166,50000,100,1
1.0,adaptive_temporal,145,1.0,8.035083,50000,100,1
1.0,adaptive_temporal,146,1.0,7.94075,50000,100,1
1.0,adaptive_temporal,147,1.0,7.894041,50000,100,1
1.0,adaptive_temporal,148,1.0,7.789291,50000,100,1
1.0,adaptive_temporal,149,1.0,8.044583,50000,100,1
1.0,adaptive_temporal,150,1.0,6.967875,50000,100,1
1.0,adaptive_temporal,151,1.0,8.244292,50000,100,1
1.0,adaptive_temporal,152,1.0,6.87,50000,100,1
1.0,adaptive_temporal,153,1.0,7.649375,50000,100,1
1.0,adaptive_temporal,154,1.0,8.27225,50000,100,1
1.0,adaptive_temporal,155,1.0,7.838167,50000,100,1
1.0,adaptive_temporal,156,1.0,6.983042,50000,100,1
1.0,adaptive_temporal,157,1.0,7.979167,50000,100,1
1.0,adaptive_temporal,158,1.0,7.483417,50000,100,1
1.0,adaptive_temporal,159,1.0,7.80575,50000,100,1
1.0,adaptive_temporal,160,1.0,7.145709,50000,100,1
1.0,adaptive_temporal,161,1.0,7.2455,50000,100,1
1.0,adaptive_temporal,162,1.0,8.061625,50000,100,1
1.0,adaptive_temporal,163,1.0,6.898334,50000,100,1
1.0,adaptive_temporal,164,1.0,8.371208,50000,100,1
1.0,adaptive_temporal,165,1.0,7.253167,50000,100,1
1.0,adaptive_temporal,166,1.0,7.116,50000,100,1
1.0,adaptive_temporal,167,1.0,6.94925,50000,100,1
1.0,adaptive_temporal,168,1.0,7.5645,50000,100,1
1.0,adaptive_temporal,169,1.0,7.408083,50000,100,1
1.0,adaptive_temporal,170,1.0,7.473583,50000,100,1
1.0,adaptive_temporal,171,1.0,7.52275,50000,100,1
1.0,adaptive_temporal,172,1.0,8.170583,50000,100,1
1.0,adaptive_temporal,173,1.0,7.621167,50000,100,1
1.0,adaptive_temporal,174,1.0,6.832042,50000,100,1
1.0,adaptive_temporal,175,1.0,8.104292,50000,100,1
1.0,adaptive_temporal,176,1.0,7.730958,50000,100,1
1.0,adaptive_temporal,177,1.0,7.574833,50000,100,1
1.0,adaptive_temporal,178,1.0,7.713792,50000,100,1
1.0,adaptive_temporal,179,1.0,7.725958,50000,100,1
1.0,adaptive_temporal,180,1.0,6.762333,50000,100,1
1.0,adaptive_temporal,181,1.0,6.6215,50000,100,1
1.0,adaptive_temporal,182,1.0,8.006792,50000,100,1
1.0,adaptive_temporal,183,1.0,7.306333,50000,100,1
1.0,adaptive_temporal,184,1.0,8.541833,50000,100,1
1.0,adaptive_temporal,185,1.0,7.181958,50000,100,1
1.0,adaptive_temporal,186,1.0,7.7415,50000,100,1
1.0,adaptive_temporal,187,1.0,7.36875,50000,100,1
1.0,adaptive_temporal,188,1.0,7.650125,50000,100,1
1.0,adaptive_temporal,189,1.0,8.645917,50000,100,1
1.0,adaptive_temporal,190,1.0,7.509958,50000,100,1
1.0,adaptive_temporal,191,1.0,7.209084,50000,100,1
1.0,adaptive_temporal,192,1.0,7.406709,50000,100,1
1.0,adaptive_temporal,193,1.0,7.168542,50000,100,1
1.0,adaptive_temporal,194,1.0,6.469792,50000,100,1
1.0,adaptive_temporal,195,1.0,7.4465,50000,100,1
1.0,adaptive_temporal,196,1.0,7.609083,50000,100,1
1.0,adaptive_temporal,197,1.0,8.144125,50000,100,1
1.0,adaptive_temporal,198,1.0,7.424708,50000,100,1
1.0,adaptive_temporal,199,1.0,7.26975,50000,100,1
0.9995,exhaustive_weighted,0,1.0,9.791291,50000,50000,0
0.9995,exhaustive_weighted,1,1.0,10.165375,50000,50000,0
0.9995,exhaustive_weighted,2,1.0,10.831583,50000,50000,0
0.9995,exhaustive_weighted,3,1.0,9.533417,50000,50000,0
0.9995,exhaustive_weighted,4,1.0,10.366459,50000,50000,0
0.9995,exhaustive_weighted,5,1.0,10.003208,50000,50000,0
0.9995,exhaustive_weighted,6,1.0,10.025125,50000,50000,0
0.9995,exhaustive_weighted,7,1.0,11.004292,50000,50000,0
0.9995,exhaustive_weighted,8,1.0,10.005917,50000,50000,0
0.9995,exhaustive_weighted,9,1.0,10.291458,50000,50000,0
0.9995,exhaustive_weighted,10,1.0,9.597125,50000,50000,0
0.9995,exhaustive_weighted,11,1.0,10.162333,50000,50000,0
0.9995,exhaustive_weighted,12,1.0,9.889,50000,50000,0
0.9995,exhaustive_weighted,13,1.0,9.723958,50000,50000,0
0.9995,exhaustive_weighted,14,1.0,11.332,50000,50000,0
0.9995,exhaustive_weighted,15,1.0,10.53475,50000,50000,0
0.9995,exhaustive_weighted,16,1.0,9.565041,50000,50000,0
0.9995,exhaustive_weighted,17,1.0,10.581833,50000,50000,0
0.9995,exhaustive_weighted,18,1.0,10.39025,50000,50000,0
0.9995,exhaustive_weighted,19,1.0,10.133375,50000,50000,0
0.9995,exhaustive_weighted,20,1.0,11.279167,50000,50000,0
0.9995,exhaustive_weighted,21,1.0,9.727,50000,50000,0
0.9995,exhaustive_weighted,22,1.0,9.9205,50000,50000,0
0.9995,exhaustive_weighted,23,1.0,10.057958,50000,50000,0
0.9995,exhaustive_weighted,24,1.0,9.720375,50000,50000,0
0.9995,exhaustive_weighted,25,1.0,10.082625,50000,50000,0
0.9995,exhaustive_weighted,26,1.0,9.327833,50000,50000,0
0.9995,exhaustive_weighted,27,1.0,10.526125,50000,50000,0
0.9995,exhaustive_weighted,28,1.0,10.30275,50000,50000,0
0.9995,exhaustive_weighted,29,1.0,10.2725,50000,50000,0
0.9995,exhaustive_weighted,30,1.0,10.116584,50000,50000,0
0.9995,exhaustive_weighted,31,1.0,9.341791,50000,50000,0
0.9995,exhaustive_weighted,32,1.0,9.448291,50000,50000,0
0.9995,exhaustive_weighted,33,1.0,9.373583,50000,50000,0
0.9995,exhaustive_weighted,34,1.0,7.605833,50000,50000,0
0.9995,exhaustive_weighted,35,1.0,9.006708,50000,50000,0
0.9995,exhaustive_weighted,36,1.0,8.009,50000,50000,0
0.9995,exhaustive_weighted,37,1.0,8.036292,50000,50000,0
0.9995,exhaustive_weighted,38,1.0,8.971375,50000,50000,0
0.9995,exhaustive_weighted,39,1.0,8.039125,50000,50000,0
0.9995,exhaustive_weighted,40,1.0,8.415625,50000,50000,0
0.9995,exhaustive_weighted,41,1.0,9.925459,50000,50000,0
0.9995,exhaustive_weighted,42,1.0,8.544958,50000,50000,0
0.9995,exhaustive_weighted,43,1.0,9.107917,50000,50000,0
0.9995,exhaustive_weighted,44,1.0,8.052125,50000,50000,0
0.9995,exhaustive_weighted,45,1.0,8.054625,50000,50000,0
0.9995,exhaustive_weighted,46,1.0,8.989375,50000,50000,0
0.9995,exhaustive_weighted,47,1.0,8.047083,50000,50000,0
0.9995,exhaustive_weighted,48,1.0,7.937625,50000,50000,0
0.9995,exhaustive_weighted,49,1.0,9.231334,50000,50000,0
0.9995,exhaustive_weighted,50,1.0,8.587666,50000,50000,0
0.9995,exhaustive_weighted,51,1.0,10.079292,50000,50000,0
0.9995,exhaustive_weighted,52,1.0,8.782583,50000,50000,0
0.9995,exhaustive_weighted,53,1.0,9.609709,50000,50000,0
0.9995,exhaustive_weighted,54,1.0,9.984375,50000,50000,0
0.9995,exhaustive_weighted,55,1.0,9.674834,50000,50000,0
0.9995,exhaustive_weighted,56,1.0,9.732959,50000,50000,0
0.9995,exhaustive_weighted,57,1.0,10.240292,50000,50000,0
0.9995,exhaustive_weighted,58,1.0,10.346625,50000,50000,0
0.9995,exhaustive_weighted,59,1.0,9.462125,50000,50000,0
0.9995,exhaustive_weighted,60,1.0,10.319292,50000,50000,0
0.9995,exhaustive_weighted,61,1.0,9.831167,50000,50000,0
0.9995,exhaustive_weighted,62,1.0,9.5985,50000,50000,0
0.9995,exhaustive_weighted,63,1.0,10.607917,50000,50000,0
0.9995,exhaustive_weighted,64,1.0,9.460583,50000,50000,0
0.9995,exhaustive_weighted,65,1.0,9.771084,50000,50000,0
0.9995,exhaustive_weighted,66,1.0,10.515584,50000,50000,0
0.9995,exhaustive_weighted,67,1.0,10.100833,50000,50000,0
0.9995,exhaustive_weighted,68,1.0,10.924875,50000,50000,0
0.9995,exhaustive_weighted,69,1.0,10.215833,50000,50000,0
0.9995,exhaustive_weighted,70,1.0,9.867917,50000,50000,0
0.9995,exhaustive_weighted,71,1.0,9.371,50000,50000,0
0.9995,exhaustive_weighted,72,1.0,8.91525,50000,50000,0
0.9995,exhaustive_weighted,73,1.0,9.985333,50000,50000,0
0.9995,exhaustive_weighted,74,1.0,10.16575,50000,50000,0
0.9995,exhaustive_weighted,75,1.0,9.204333,50000,50000,0
0.9995,exhaustive_weighted,76,1.0,9.391875,50000,50000,0
0.9995,exhaustive_weighted,77,1.0,9.85275,50000,50000,0
0.9995,exhaustive_weighted,78,1.0,10.1015,50000,50000,0
0.9995,exhaustive_weighted,79,1.0,9.761292,50000,50000,0
0.9995,exhaustive_weighted,80,1.0,9.336417,50000,50000,0
0.9995,exhaustive_weighted,81,1.0,9.970917,50000,50000,0
0.9995,exhaustive_weighted,82,1.0,9.872875,50000,50000,0
0.9995,exhaustive_weighted,83,1.0,10.485083,50000,50000,0
0.9995,exhaustive_weighted,84,1.0,9.403958,50000,50000,0
0.9995,exhaustive_weighted,85,1.0,10.252208,50000,50000,0
0.9995,exhaustive_weighted,86,1.0,9.726625,50000,50000,0
0.9995,exhaustive_weighted,87,1.0,9.333625,50000,50000,0
0.9995,exhaustive_weighted,88,1.0,9.698625,50000,50000,0
0.9995,exhaustive_weighted,89,1.0,9.955,50000,50000,0
0.9995,exhaustive_weighted,90,1.0,9.792416,50000,50000,0
0.9995,exhaustive_weighted,91,1.0,9.78725,50000,50000,0
0.9995,exhaustive_weighted,92,1.0,9.983083,50000,50000,0
0.9995,exhaustive_weighted,93,1.0,9.368375,50000,50000,0
0.9995,exhaustive_weighted,94,1.0,10.158125,50000,50000,0
0.9995,exhaustive_weighted,95,1.0,10.493625,50000,50000,0
0.9995,exhaustive_weighted,96,1.0,8.888291,50000,50000,0
0.9995,exhaustive_weighted,97,1.0,9.856875,50000,50000,0
0.9995,exhaustive_weighted,98,1.0,10.166167,50000,50000,0
0.9995,exhaustive_weighted,99,1.0,9.678791,50000,50000,0
0.9995,exhaustive_weighted,100,1.0,10.361584,50000,50000,0
0.9995,exhaustive_weighted,101,1.0,8.569416,50000,50000,0
0.9995,exhaustive_weighted,102,1.0,9.47025,50000,50000,0
0.9995,exhaustive_weighted,103,1.0,10.095291,50000,50000,0
0.9995,exhaustive_weighted,104,1.0,9.746209,50000,50000,0
0.9995,exhaustive_weighted,105,1.0,9.695292,50000,50000,0
0.9995,exhaustive_weighted,106,1.0,10.246375,50000,50000,0
0.9995,exhaustive_weighted,107,1.0,10.378083,50000,50000,0
0.9995,exhaustive_weighted,108,1.0,8.304125,50000,50000,0
0.9995,exhaustive_weighted,109,1.0,10.532542,50000,50000,0
0.9995,exhaustive_weighted,110,1.0,10.23075,50000,50000,0
0.9995,exhaustive_weighted,111,1.0,9.564459,50000,50000,0
0.9995,exhaustive_weighted,112,1.0,10.477125,50000,50000,0
0.9995,exhaustive_weighted,113,1.0,9.517375,50000,50000,0
0.9995,exhaustive_weighted,114,1.0,9.355084,50000,50000,0
0.9995,exhaustive_weighted,115,1.0,10.207875,50000,50000,0
0.9995,exhaustive_weighted,116,1.0,9.233083,50000,50000,0
0.9995,exhaustive_weighted,117,1.0,8.81025,50000,50000,0
0.9995,exhaustive_weighted,118,1.0,10.216,50000,50000,0
0.9995,exhaustive_weighted,119,1.0,10.683417,50000,50000,0
0.9995,exhaustive_weighted,120,1.0,9.607459,50000,50000,0
0.9995,exhaustive_weighted,121,1.0,9.692125,50000,50000,0
0.9995,exhaustive_weighted,122,1.0,9.420084,50000,50000,0
0.9995,exhaustive_weighted,123,1.0,9.561208,50000,50000,0
0.9995,exhaustive_weighted,124,1.0,9.408292,50000,50000,0
0.9995,exhaustive_weighted,125,1.0,9.367292,50000,50000,0
0.9995,exhaustive_weighted,126,1.0,10.176459,50000,50000,0
0.9995,exhaustive_weighted,127,1.0,7.871292,50000,50000,0
0.9995,exhaustive_weighted,128,1.0,7.820917,50000,50000,0
0.9995,exhaustive_weighted,129,1.0,8.736208,50000,50000,0
0.9995,exhaustive_weighted,130,1.0,8.121458,50000,50000,0
0.9995,exhaustive_weighted,131,1.0,8.622916,50000,50000,0
0.9995,exhaustive_weighted,132,1.0,8.026792,50000,50000,0
0.9995,exhaustive_weighted,133,1.0,7.763625,50000,50000,0
0.9995,exhaustive_weighted,134,1.0,10.469333,50000,50000,0
0.9995,exhaustive_weighted,135,1.0,9.863375,50000,50000,0
0.9995,exhaustive_weighted,136,1.0,9.284791,50000,50000,0
0.9995,exhaustive_weighted,137,1.0,10.061042,50000,50000,0
0.9995,exhaustive_weighted,138,1.0,7.826541,50000,50000,0
0.9995,exhaustive_weighted,139,1.0,9.589,50000,50000,0
0.9995,exhaustive_weighted,140,1.0,8.345916,50000,50000,0
0.9995,exhaustive_weighted,141,1.0,8.298375,50000,50000,0
0.9995,exhaustive_weighted,142,1.0,8.228875,50000,50000,0
0.9995,exhaustive_weighted,143,1.0,8.197791,50000,50000,0
0.9995,exhaustive_weighted,144,1.0,7.694666,50000,50000,0
0.9995,exhaustive_weighted,145,1.0,11.878583,50000,50000,0
0.9995,exhaustive_weighted,146,1.0,12.837125,50000,50000,0
0.9995,exhaustive_weighted,147,1.0,13.279958,50000,50000,0
0.9995,exhaustive_weighted,148,1.0,8.280875,50000,50000,0
0.9995,exhaustive_weighted,149,1.0,8.276583,50000,50000,0
0.9995,exhaustive_weighted,150,1.0,9.75725,50000,50000,0
0.9995,exhaustive_weighted,151,1.0,10.121833,50000,50000,0
0.9995,exhaustive_weighted,152,1.0,9.296208,50000,50000,0
0.9995,exhaustive_weighted,153,1.0,9.634,50000,50000,0
0.9995,exhaustive_weighted,154,1.0,9.6575,50000,50000,0
0.9995,exhaustive_weighted,155,1.0,9.624625,50000,50000,0
0.9995,exhaustive_weighted,156,1.0,8.791083,50000,50000,0
0.9995,exhaustive_weighted,157,1.0,10.214875,50000,50000,0
0.9995,exhaustive_weighted,158,1.0,10.076625,50000,50000,0
0.9995,exhaustive_weighted,159,1.0,10.273542,50000,50000,0
0.9995,exhaustive_weighted,160,1.0,9.436875,50000,50000,0
0.9995,exhaustive_weighted,161,1.0,9.530166,50000,50000,0
0.9995,exhaustive_weighted,162,1.0,9.469833,50000,50000,0
0.9995,exhaustive_weighted,163,1.0,10.748417,50000,50000,0
0.9995,exhaustive_weighted,164,1.0,8.405417,50000,50000,0
0.9995,exhaustive_weighted,165,1.0,9.751792,50000,50000,0
0.9995,exhaustive_weighted,166,1.0,10.056834,50000,50000,0
0.9995,exhaustive_weighted,167,1.0,10.485542,50000,50000,0
0.9995,exhaustive_weighted,168,1.0,9.681375,50000,50000,0
0.9995,exhaustive_weighted,169,1.0,9.822625,50000,50000,0
0.9995,exhaustive_weighted,170,1.0,8.454667,50000,50000,0
0.9995,exhaustive_weighted,171,1.0,10.110208,50000,50000,0
0.9995,exhaustive_weighted,172,1.0,10.880417,50000,50000,0
0.9995,exhaustive_weighted,173,1.0,9.63525,50000,50000,0
0.9995,exhaustive_weighted,174,1.0,9.026709,50000,50000,0
0.9995,exhaustive_weighted,175,1.0,9.854917,50000,50000,0
0.9995,exhaustive_weighted,176,1.0,10.158708,50000,50000,0
0.9995,exhaustive_weighted,177,1.0,9.824958,50000,50000,0
0.9995,exhaustive_weighted,178,1.0,8.543791,50000,50000,0
0.9995,exhaustive_weighted,179,1.0,10.091459,50000,50000,0
0.9995,exhaustive_weighted,180,1.0,10.184291,50000,50000,0
0.9995,exhaustive_weighted,181,1.0,8.999833,50000,50000,0
0.9995,exhaustive_weighted,182,1.0,9.749208,50000,50000,0
0.9995,exhaustive_weighted,183,1.0,9.221667,50000,50000,0
0.9995,exhaustive_weighted,184,1.0,10.910291,50000,50000,0
0.9995,exhaustive_weighted,185,1.0,9.266417,50000,50000,0
0.9995,exhaustive_weighted,186,1.0,9.92625,50000,50000,0
0.9995,exhaustive_weighted,187,1.0,9.713125,50000,50000,0
0.9995,exhaustive_weighted,188,1.0,8.633458,50000,50000,0
0.9995,exhaustive_weighted,189,1.0,9.989375,50000,50000,0
0.9995,exhaustive_weighted,190,1.0,9.689875,50000,50000,0
0.9995,exhaustive_weighted,191,1.0,9.193291,50000,50000,0
0.9995,exhaustive_weighted,192,1.0,10.141125,50000,50000,0
0.9995,exhaustive_weighted,193,1.0,8.970291,50000,50000,0
0.9995,exhaustive_weighted,194,1.0,9.898125,50000,50000,0
0.9995,exhaustive_weighted,195,1.0,9.4845,50000,50000,0
0.9995,exhaustive_weighted,196,1.0,10.37425,50000,50000,0
0.9995,exhaustive_weighted,197,1.0,8.162417,50000,50000,0
0.9995,exhaustive_weighted,198,1.0,10.00125,50000,50000,0
0.9995,exhaustive_weighted,199,1.0,9.058917,50000,50000,0
0.9995,certified_scan,0,1.0,1.192709,992,992,0
0.9995,certified_scan,1,1.0,1.344791,1280,1280,0
0.9995,certified_scan,2,1.0,1.046167,864,864,0
0.9995,certified_scan,3,1.0,1.400541,1184,1184,0
0.9995,certified_scan,4,1.0,1.903541,1568,1568,0
0.9995,certified_scan,5,1.0,2.119875,1632,1632,0
0.9995,certified_scan,6,1.0,2.258292,2336,2336,0
0.9995,certified_scan,7,1.0,1.049333,736,736,0
0.9995,certified_scan,8,1.0,1.282458,1056,1056,0
0.9995,certified_scan,9,1.0,1.023,960,960,0
0.9995,certified_scan,10,1.0,0.775792,704,704,0
0.9995,certified_scan,11,1.0,0.852209,800,800,0
0.9995,certified_scan,12,1.0,0.680333,608,608,0
0.9995,certified_scan,13,1.0,1.013792,960,960,0
0.9995,certified_scan,14,1.0,1.045375,864,864,0
0.9995,certified_scan,15,1.0,0.896667,768,768,0
0.9995,certified_scan,16,1.0,2.174958,2336,2336,0
0.9995,certified_scan,17,1.0,0.8105,768,768,0
0.9995,certified_scan,18,1.0,0.911667,704,704,0
0.9995,certified_scan,19,1.0,1.224917,1120,1120,0
0.9995,certified_scan,20,1.0,0.615041,448,448,0
0.9995,certified_scan,21,1.0,1.221458,1248,1248,0
0.9995,certified_scan,22,1.0,1.036125,864,864,0
0.9995,certified_scan,23,1.0,0.965916,736,736,0
0.9995,certified_scan,24,1.0,0.822208,768,768,0
0.9995,certified_scan,25,1.0,1.068333,1088,1088,0
0.9995,certified_scan,26,1.0,0.894292,864,864,0
0.9995,certified_scan,27,1.0,0.989875,992,992,0
0.9995,certified_scan,28,1.0,0.806833,768,768,0
0.9995,certified_scan,29,1.0,0.901334,864,864,0
0.9995,certified_scan,30,1.0,1.983209,2080,2080,0
0.9995,certified_scan,31,1.0,1.049459,992,992,0
0.9995,certified_scan,32,1.0,0.673375,576,576,0
0.9995,certified_scan,33,1.0,0.950875,1024,1024,0
0.9995,certified_scan,34,1.0,1.211,1216,1216,0
0.9995,certified_scan,35,1.0,1.387584,1216,1216,0
0.9995,certified_scan,36,1.0,1.502416,1632,1632,0
0.9995,certified_scan,37,1.0,0.978458,928,928,0
0.9995,certified_scan,38,1.0,2.559875,2304,2304,0
0.9995,certified_scan,39,1.0,0.952375,864,864,0
0.9995,certified_scan,40,1.0,0.994542,992,992,0
0.9995,certified_scan,41,1.0,1.03525,928,928,0
0.9995,certified_scan,42,1.0,1.418541,1376,1376,0
0.9995,certified_scan,43,1.0,0.881167,768,768,0
0.9995,certified_scan,44,1.0,0.916583,832,832,0
0.9995,certified_scan,45,1.0,0.959083,928,928,0
0.9995,certified_scan,46,1.0,0.729792,512,512,0
0.9995,certified_scan,47,1.0,2.097667,2336,2336,0
0.9995,certified_scan,48,1.0,1.053625,864,864,0
0.9995,certified_scan,49,1.0,1.027625,832,832,0
0.9995,certified_scan,50,1.0,1.265375,1312,1312,0
0.9995,certified_scan,51,1.0,2.446959,2368,2368,0
0.9995,certified_scan,52,1.0,0.624334,480,480,0
0.9995,certified_scan,53,1.0,0.779916,704,704,0
0.9995,certified_scan,54,1.0,0.883041,832,832,0
0.9995,certified_scan,55,1.0,0.758917,672,672,0
0.9995,certified_scan,56,1.0,1.356167,1344,1344,0
0.9995,certified_scan,57,1.0,1.27425,1344,1344,0
0.9995,certified_scan,58,1.0,1.408709,1408,1408,0
0.9995,certified_scan,59,1.0,1.167125,1216,1216,0
0.9995,certified_scan,60,1.0,2.03075,2016,2016,0
0.9995,certified_scan,61,1.0,1.014542,928,928,0
0.9995,certified_scan,62,1.0,0.911458,864,864,0
0.9995,certified_scan,63,1.0,1.333458,1248,1248,0
0.9995,certified_scan,64,1.0,0.720542,640,640,0
0.9995,certified_scan,65,1.0,1.642625,1376,1376,0
0.9995,certified_scan,66,1.0,1.198583,864,864,0
0.9995,certified_scan,67,1.0,0.74225,640,640,0
0.9995,certified_scan,68,1.0,0.774958,704,704,0
0.9995,certified_scan,69,1.0,1.222292,1184,1184,0
0.9995,certified_scan,70,1.0,1.063333,960,960,0
0.9995,certified_scan,71,1.0,0.971667,928,928,0
0.9995,certified_scan,72,1.0,0.777708,736,736,0
0.9995,certified_scan,73,1.0,0.850875,736,736,0
0.9995,certified_scan,74,1.0,0.83175,896,896,0
0.9995,certified_scan,75,1.0,1.241458,1344,1344,0
0.9995,certified_scan,76,1.0,1.2725,1152,1152,0
0.9995,certified_scan,77,1.0,1.098417,1088,1088,0
0.9995,certified_scan,78,1.0,1.607667,1408,1408,0
0.9995,certified_scan,79,1.0,1.066875,928,928,0
0.9995,certified_scan,80,1.0,1.126666,1152,1152,0
0.9995,certified_scan,81,1.0,1.1845,864,864,0
0.9995,certified_scan,82,1.0,0.692083,576,576,0
0.9995,certified_scan,83,1.0,0.54925,576,576,0
0.9995,certified_scan,84,1.0,1.031083,1088,1088,0
0.9995,certified_scan,85,1.0,1.063958,960,960,0
0.9995,certified_scan,86,1.0,0.875834,800,800,0
0.9995,certified_scan,87,1.0,0.5515,480,480,0
0.9995,certified_scan,88,1.0,0.939958,928,928,0
0.9995,certified_scan,89,1.0,0.694333,576,576,0
0.9995,certified_scan,90,1.0,1.056,1152,1152,0
0.9995,certified_scan,91,1.0,1.065459,960,960,0
0.9995,certified_scan,92,1.0,1.450583,1408,1408,0
0.9995,certified_scan,93,1.0,0.950583,896,896,0
0.9995,certified_scan,94,1.0,0.952666,736,736,0
0.9995,certified_scan,95,1.0,1.303416,1248,1248,0
0.9995,certified_scan,96,1.0,0.926292,800,800,0
0.9995,certified_scan,97,1.0,1.158125,1024,1024,0
0.9995,certified_scan,98,1.0,2.176,1856,1856,0
0.9995,certified_scan,99,1.0,0.897125,736,736,0
0.9995,certified_scan,100,1.0,0.672167,704,704,0
0.9995,certified_scan,101,1.0,1.297041,1408,1408,0
0.9995,certified_scan,102,1.0,1.141916,1120,1120,0
0.9995,certified_scan,103,1.0,1.167084,1152,1152,0
0.9995,certified_scan,104,1.0,1.064584,896,896,0
0.9995,certified_scan,105,1.0,1.028584,1024,1024,0
0.9995,certified_scan,106,1.0,1.048,960,960,0
0.9995,certified_scan,107,1.0,0.846208,768,768,0
0.9995,certified_scan,108,1.0,0.837708,800,800,0
0.9995,certified_scan,109,1.0,0.707875,640,640,0
0.9995,certified_scan,110,1.0,0.856958,864,864,0
0.9995,certified_scan,111,1.0,1.084792,864,864,0
0.9995,certified_scan,112,1.0,1.273459,1248,1248,0
0.9995,certified_scan,113,1.0,2.813584,2496,2496,0
0.9995,certified_scan,114,1.0,0.918,768,768,0
0.9995,certified_scan,115,1.0,0.836708,736,736,0
0.9995,certified_scan,116,1.0,0.734334,672,672,0
0.9995,certified_scan,117,1.0,0.72625,672,672,0
0.9995,certified_scan,118,1.0,0.71725,640,640,0
0.9995,certified_scan,119,1.0,0.698375,672,672,0
0.9995,certified_scan,120,1.0,1.087209,1024,1024,0
0.9995,certified_scan,121,1.0,0.893875,736,736,0
0.9995,certified_scan,122,1.0,1.220958,1184,1184,0
0.9995,certified_scan,123,1.0,1.28875,1184,1184,0
0.9995,certified_scan,124,1.0,0.644208,576,576,0
0.9995,certified_scan,125,1.0,0.860667,736,736,0
0.9995,certified_scan,126,1.0,0.957541,896,896,0
0.9995,certified_scan,127,1.0,2.417375,2496,2496,0
0.9995,certified_scan,128,1.0,1.098167,768,768,0
0.9995,certified_scan,129,1.0,1.305167,1024,1024,0
0.9995,certified_scan,130,1.0,1.0045,960,960,0
0.9995,certified_scan,131,1.0,0.752459,672,672,0
0.9995,certified_scan,132,1.0,0.856,928,928,0
0.9995,certified_scan,133,1.0,0.931208,864,864,0
0.9995,certified_scan,134,1.0,0.659792,512,512,0
0.9995,certified_scan,135,1.0,0.616584,704,704,0
0.9995,certified_scan,136,1.0,0.574209,576,576,0
0.9995,certified_scan,137,1.0,1.139,1312,1312,0
0.9995,certified_scan,138,1.0,1.333209,1184,1184,0
0.9995,certified_scan,139,1.0,0.70825,640,640,0
0.9995,certified_scan,140,1.0,1.183708,1280,1280,0
0.9995,certified_scan,141,1.0,1.025584,928,928,0
0.9995,certified_scan,142,1.0,1.542,1344,1344,0
0.9995,certified_scan,143,1.0,1.443209,1344,1344,0
0.9995,certified_scan,144,1.0,1.457291,1280,1280,0
0.9995,certified_scan,145,1.0,1.044416,672,672,0
0.9995,certified_scan,146,1.0,2.158917,1792,1792,0
0.9995,certified_scan,147,1.0,1.388667,1536,1536,0
0.9995,certified_scan,148,1.0,1.004083,832,832,0
0.9995,certified_scan,149,1.0,0.866875,832,832,0
0.9995,certified_scan,150,1.0,1.462542,1568,1568,0
0.9995,certified_scan,151,1.0,1.081625,1056,1056,0
0.9995,certified_scan,152,1.0,1.03425,992,992,0
0.9995,certified_scan,153,1.0,0.798125,672,672,0
0.9995,certified_scan,154,1.0,0.91,800,800,0
0.9995,certified_scan,155,1.0,0.758208,672,672,0
0.9995,certified_scan,156,1.0,1.266125,1088,1088,0
0.9995,certified_scan,157,1.0,0.721417,640,640,0
0.9995,certified_scan,158,1.0,1.039583,1056,1056,0
0.9995,certified_scan,159,1.0,0.806709,544,544,0
0.9995,certified_scan,160,1.0,1.5295,1472,1472,0
0.9995,certified_scan,161,1.0,1.428792,1152,1152,0
0.9995,certified_scan,162,1.0,1.134292,1024,1024,0
0.9995,certified_scan,163,1.0,0.930042,832,832,0
0.9995,certified_scan,164,1.0,0.837792,800,800,0
0.9995,certified_scan,165,1.0,0.999375,864,864,0
0.9995,certified_scan,166,1.0,1.300666,1312,1312,0
0.9995,certified_scan,167,1.0,2.0945,2016,2016,0
0.9995,certified_scan,168,1.0,0.783125,576,576,0
0.9995,certified_scan,169,1.0,0.756541,704,704,0
0.9995,certified_scan,170,1.0,0.883916,736,736,0
0.9995,certified_scan,171,1.0,0.787125,768,768,0
0.9995,certified_scan,172,1.0,1.827042,1856,1856,0
0.9995,certified_scan,173,1.0,1.218959,1184,1184,0
0.9995,certified_scan,174,1.0,0.882334,608,608,0
0.9995,certified_scan,175,1.0,1.168,864,864,0
0.9995,certified_scan,176,1.0,0.839292,832,832,0
0.9995,certified_scan,177,1.0,2.417875,2496,2496,0
0.9995,certified_scan,178,1.0,0.989833,896,896,0
0.9995,certified_scan,179,1.0,1.07525,1024,1024,0
0.9995,certified_scan,180,1.0,1.31025,1312,1312,0
0.9995,certified_scan,181,1.0,0.755833,768,768,0
0.9995,certified_scan,182,1.0,0.994167,928,928,0
0.9995,certified_scan,183,1.0,0.91175,864,864,0
0.9995,certified_scan,184,1.0,0.724041,704,704,0
0.9995,certified_scan,185,1.0,1.586875,1472,1472,0
0.9995,certified_scan,186,1.0,1.038041,896,896,0
0.9995,certified_scan,187,1.0,2.31625,2304,2304,0
0.9995,certified_scan,188,1.0,0.960041,832,832,0
0.9995,certified_scan,189,1.0,0.860041,704,704,0
0.9995,certified_scan,190,1.0,1.003834,1088,1088,0
0.9995,certified_scan,191,1.0,1.08,928,928,0
0.9995,certified_scan,192,1.0,1.460709,1472,1472,0
0.9995,certified_scan,193,1.0,0.766333,640,640,0
0.9995,certified_scan,194,1.0,0.787042,736,736,0
0.9995,certified_scan,195,1.0,1.353084,1344,1344,0
0.9995,certified_scan,196,1.0,1.837958,1824,1824,0
0.9995,certified_scan,197,1.0,0.911875,768,768,0
0.9995,certified_scan,198,1.0,1.46025,1408,1408,0
0.9995,certified_scan,199,1.0,1.281792,1056,1056,0
0.9995,ordinary_hnsw,0,0.0,7.493917,50000,100,1
0.9995,ordinary_hnsw,1,0.4,6.74175,50000,100,1
0.9995,ordinary_hnsw,2,0.4,7.539958,50000,100,1
0.9995,ordinary_hnsw,3,0.0,7.422125,50000,100,1
0.9995,ordinary_hnsw,4,0.2,6.74225,50000,100,1
0.9995,ordinary_hnsw,5,0.8,7.229584,50000,100,1
0.9995,ordinary_hnsw,6,0.2,7.397208,50000,100,1
0.9995,ordinary_hnsw,7,0.4,7.835917,50000,100,1
0.9995,ordinary_hnsw,8,0.2,6.987,50000,100,1
0.9995,ordinary_hnsw,9,0.0,7.663375,50000,100,1
0.9995,ordinary_hnsw,10,0.6,6.906583,50000,100,1
0.9995,ordinary_hnsw,11,0.6,6.823334,50000,100,1
0.9995,ordinary_hnsw,12,0.6,7.451084,50000,100,1
0.9995,ordinary_hnsw,13,0.2,7.475041,50000,100,1
0.9995,ordinary_hnsw,14,0.4,7.831667,50000,100,1
0.9995,ordinary_hnsw,15,0.4,6.816417,50000,100,1
0.9995,ordinary_hnsw,16,0.2,8.227375,50000,100,1
0.9995,ordinary_hnsw,17,0.6,7.199917,50000,100,1
0.9995,ordinary_hnsw,18,0.0,7.863791,50000,100,1
0.9995,ordinary_hnsw,19,0.0,7.66625,50000,100,1
0.9995,ordinary_hnsw,20,0.2,8.102208,50000,100,1
0.9995,ordinary_hnsw,21,0.2,7.131083,50000,100,1
0.9995,ordinary_hnsw,22,0.6,6.471417,50000,100,1
0.9995,ordinary_hnsw,23,0.6,7.8855,50000,100,1
0.9995,ordinary_hnsw,24,0.4,7.22475,50000,100,1
0.9995,ordinary_hnsw,25,0.8,7.682208,50000,100,1
0.9995,ordinary_hnsw,26,0.4,6.484834,50000,100,1
0.9995,ordinary_hnsw,27,0.2,7.690417,50000,100,1
0.9995,ordinary_hnsw,28,0.4,7.029542,50000,100,1
0.9995,ordinary_hnsw,29,0.0,6.803708,50000,100,1
0.9995,ordinary_hnsw,30,1.0,7.638542,50000,100,1
0.9995,ordinary_hnsw,31,0.0,7.4635,50000,100,1
0.9995,ordinary_hnsw,32,0.2,7.857917,50000,100,1
0.9995,ordinary_hnsw,33,0.2,6.800708,50000,100,1
0.9995,ordinary_hnsw,34,0.2,8.299542,50000,100,1
0.9995,ordinary_hnsw,35,0.4,6.953833,50000,100,1
0.9995,ordinary_hnsw,36,0.6,7.066,50000,100,1
0.9995,ordinary_hnsw,37,0.2,8.126917,50000,100,1
0.9995,ordinary_hnsw,38,0.0,6.939291,50000,100,1
0.9995,ordinary_hnsw,39,0.4,7.037208,50000,100,1
0.9995,ordinary_hnsw,40,0.4,6.984083,50000,100,1
0.9995,ordinary_hnsw,41,0.2,8.187833,50000,100,1
0.9995,ordinary_hnsw,42,0.4,6.958792,50000,100,1
0.9995,ordinary_hnsw,43,0.2,7.331208,50000,100,1
0.9995,ordinary_hnsw,44,0.2,8.323125,50000,100,1
0.9995,ordinary_hnsw,45,0.8,8.072208,50000,100,1
0.9995,ordinary_hnsw,46,0.6,8.352208,50000,100,1
0.9995,ordinary_hnsw,47,0.2,7.309167,50000,100,1
0.9995,ordinary_hnsw,48,0.0,8.062875,50000,100,1
0.9995,ordinary_hnsw,49,0.6,7.183959,50000,100,1
0.9995,ordinary_hnsw,50,0.2,7.333875,50000,100,1
0.9995,ordinary_hnsw,51,0.4,6.54775,50000,100,1
0.9995,ordinary_hnsw,52,0.4,8.655833,50000,100,1
0.9995,ordinary_hnsw,53,0.0,7.329541,50000,100,1
0.9995,ordinary_hnsw,54,0.2,8.192542,50000,100,1
0.9995,ordinary_hnsw,55,0.0,6.781,50000,100,1
0.9995,ordinary_hnsw,56,0.6,6.917167,50000,100,1
0.9995,ordinary_hnsw,57,0.4,6.1095,50000,100,1
0.9995,ordinary_hnsw,58,0.4,6.1295,50000,100,1
0.9995,ordinary_hnsw,59,0.4,6.794042,50000,100,1
0.9995,ordinary_hnsw,60,0.2,6.487625,50000,100,1
0.9995,ordinary_hnsw,61,0.4,7.636833,50000,100,1
0.9995,ordinary_hnsw,62,0.2,6.8725,50000,100,1
0.9995,ordinary_hnsw,63,0.4,7.354042,50000,100,1
0.9995,ordinary_hnsw,64,0.4,7.346584,50000,100,1
0.9995,ordinary_hnsw,65,0.4,7.442,50000,100,1
0.9995,ordinary_hnsw,66,0.2,8.679792,50000,100,1
0.9995,ordinary_hnsw,67,0.0,8.093959,50000,100,1
0.9995,ordinary_hnsw,68,0.4,8.804791,50000,100,1
0.9995,ordinary_hnsw,69,0.2,7.349292,50000,100,1
0.9995,ordinary_hnsw,70,0.2,7.412708,50000,100,1
0.9995,ordinary_hnsw,71,0.0,6.315875,50000,100,1
0.9995,ordinary_hnsw,72,0.2,6.994875,50000,100,1
0.9995,ordinary_hnsw,73,0.0,6.934417,50000,100,1
0.9995,ordinary_hnsw,74,0.4,6.178833,50000,100,1
0.9995,ordinary_hnsw,75,0.2,6.777459,50000,100,1
0.9995,ordinary_hnsw,76,0.0,6.515583,50000,100,1
0.9995,ordinary_hnsw,77,0.4,6.18925,50000,100,1
0.9995,ordinary_hnsw,78,0.2,6.954417,50000,100,1
0.9995,ordinary_hnsw,79,0.0,7.241167,50000,100,1
0.9995,ordinary_hnsw,80,0.4,7.254208,50000,100,1
0.9995,ordinary_hnsw,81,0.2,6.876667,50000,100,1
0.9995,ordinary_hnsw,82,0.2,8.325625,50000,100,1
0.9995,ordinary_hnsw,83,0.2,8.41475,50000,100,1
0.9995,ordinary_hnsw,84,0.2,9.115459,50000,100,1
0.9995,ordinary_hnsw,85,0.0,6.404333,50000,100,1
0.9995,ordinary_hnsw,86,0.2,6.652208,50000,100,1
0.9995,ordinary_hnsw,87,0.4,7.429125,50000,100,1
0.9995,ordinary_hnsw,88,0.0,7.503958,50000,100,1
0.9995,ordinary_hnsw,89,0.0,8.517833,50000,100,1
0.9995,ordinary_hnsw,90,0.0,6.933708,50000,100,1
0.9995,ordinary_hnsw,91,0.4,6.892583,50000,100,1
0.9995,ordinary_hnsw,92,0.2,6.472292,50000,100,1
0.9995,ordinary_hnsw,93,1.0,7.341667,50000,100,1
0.9995,ordinary_hnsw,94,0.2,8.080125,50000,100,1
0.9995,ordinary_hnsw,95,0.2,7.057584,50000,100,1
0.9995,ordinary_hnsw,96,0.8,6.677542,50000,100,1
0.9995,ordinary_hnsw,97,0.0,6.817291,50000,100,1
0.9995,ordinary_hnsw,98,0.4,8.041167,50000,100,1
0.9995,ordinary_hnsw,99,0.6,6.940875,50000,100,1
0.9995,ordinary_hnsw,100,0.2,6.894625,50000,100,1
0.9995,ordinary_hnsw,101,0.2,6.564667,50000,100,1
0.9995,ordinary_hnsw,102,0.0,6.45025,50000,100,1
0.9995,ordinary_hnsw,103,0.2,7.286666,50000,100,1
0.9995,ordinary_hnsw,104,0.2,7.327583,50000,100,1
0.9995,ordinary_hnsw,105,0.4,7.146916,50000,100,1
0.9995,ordinary_hnsw,106,0.0,7.07975,50000,100,1
0.9995,ordinary_hnsw,107,0.2,8.184792,50000,100,1
0.9995,ordinary_hnsw,108,0.0,8.028583,50000,100,1
0.9995,ordinary_hnsw,109,0.2,7.396083,50000,100,1
0.9995,ordinary_hnsw,110,0.8,6.712375,50000,100,1
0.9995,ordinary_hnsw,111,0.0,7.225458,50000,100,1
0.9995,ordinary_hnsw,112,0.2,7.207833,50000,100,1
0.9995,ordinary_hnsw,113,0.4,7.686875,50000,100,1
0.9995,ordinary_hnsw,114,0.0,7.212041,50000,100,1
0.9995,ordinary_hnsw,115,0.2,6.524,50000,100,1
0.9995,ordinary_hnsw,116,0.2,7.621459,50000,100,1
0.9995,ordinary_hnsw,117,0.4,7.070792,50000,100,1
0.9995,ordinary_hnsw,118,0.2,7.209625,50000,100,1
0.9995,ordinary_hnsw,119,0.2,8.408792,50000,100,1
0.9995,ordinary_hnsw,120,0.0,5.733291,50000,100,1
0.9995,ordinary_hnsw,121,0.2,7.056458,50000,100,1
0.9995,ordinary_hnsw,122,0.6,6.360291,50000,100,1
0.9995,ordinary_hnsw,123,0.2,7.894709,50000,100,1
0.9995,ordinary_hnsw,124,0.2,7.164708,50000,100,1
0.9995,ordinary_hnsw,125,0.4,7.251625,50000,100,1
0.9995,ordinary_hnsw,126,0.4,6.528,50000,100,1
0.9995,ordinary_hnsw,127,0.4,6.611625,50000,100,1
0.9995,ordinary_hnsw,128,0.4,7.415292,50000,100,1
0.9995,ordinary_hnsw,129,0.0,6.449791,50000,100,1
0.9995,ordinary_hnsw,130,0.2,6.996667,50000,100,1
0.9995,ordinary_hnsw,131,0.2,7.590584,50000,100,1
0.9995,ordinary_hnsw,132,0.2,7.384792,50000,100,1
0.9995,ordinary_hnsw,133,0.2,8.322958,50000,100,1
0.9995,ordinary_hnsw,134,0.2,7.412417,50000,100,1
0.9995,ordinary_hnsw,135,0.2,7.403625,50000,100,1
0.9995,ordinary_hnsw,136,0.2,7.23925,50000,100,1
0.9995,ordinary_hnsw,137,0.6,7.3,50000,100,1
0.9995,ordinary_hnsw,138,0.2,7.839291,50000,100,1
0.9995,ordinary_hnsw,139,0.6,7.667125,50000,100,1
0.9995,ordinary_hnsw,140,0.0,7.04975,50000,100,1
0.9995,ordinary_hnsw,141,0.2,7.548167,50000,100,1
0.9995,ordinary_hnsw,142,0.6,7.444084,50000,100,1
0.9995,ordinary_hnsw,143,0.6,7.385875,50000,100,1
0.9995,ordinary_hnsw,144,0.0,6.856583,50000,100,1
0.9995,ordinary_hnsw,145,0.2,7.820584,50000,100,1
0.9995,ordinary_hnsw,146,0.4,7.664208,50000,100,1
0.9995,ordinary_hnsw,147,0.6,7.153583,50000,100,1
0.9995,ordinary_hnsw,148,0.0,7.990291,50000,100,1
0.9995,ordinary_hnsw,149,0.2,7.619,50000,100,1
0.9995,ordinary_hnsw,150,0.2,6.741958,50000,100,1
0.9995,ordinary_hnsw,151,0.2,8.271666,50000,100,1
0.9995,ordinary_hnsw,152,0.0,6.936333,50000,100,1
0.9995,ordinary_hnsw,153,0.4,7.779459,50000,100,1
0.9995,ordinary_hnsw,154,0.4,7.829208,50000,100,1
0.9995,ordinary_hnsw,155,0.6,7.343709,50000,100,1
0.9995,ordinary_hnsw,156,0.0,6.911125,50000,100,1
0.9995,ordinary_hnsw,157,0.4,7.502792,50000,100,1
0.9995,ordinary_hnsw,158,0.2,6.932958,50000,100,1
0.9995,ordinary_hnsw,159,0.4,7.424791,50000,100,1
0.9995,ordinary_hnsw,160,0.0,7.042625,50000,100,1
0.9995,ordinary_hnsw,161,0.0,7.056084,50000,100,1
0.9995,ordinary_hnsw,162,0.4,7.474917,50000,100,1
0.9995,ordinary_hnsw,163,0.0,7.793334,50000,100,1
0.9995,ordinary_hnsw,164,0.2,7.71625,50000,100,1
0.9995,ordinary_hnsw,165,0.4,6.863666,50000,100,1
0.9995,ordinary_hnsw,166,0.2,6.638417,50000,100,1
0.9995,ordinary_hnsw,167,0.2,7.085667,50000,100,1
0.9995,ordinary_hnsw,168,0.4,7.759083,50000,100,1
0.9995,ordinary_hnsw,169,0.0,7.032125,50000,100,1
0.9995,ordinary_hnsw,170,0.4,6.980666,50000,100,1
0.9995,ordinary_hnsw,171,0.6,7.070125,50000,100,1
0.9995,ordinary_hnsw,172,0.4,7.607166,50000,100,1
0.9995,ordinary_hnsw,173,0.2,7.705166,50000,100,1
0.9995,ordinary_hnsw,174,0.6,7.396833,50000,100,1
0.9995,ordinary_hnsw,175,0.2,7.639541,50000,100,1
0.9995,ordinary_hnsw,176,0.2,7.78425,50000,100,1
0.9995,ordinary_hnsw,177,0.4,7.062833,50000,100,1
0.9995,ordinary_hnsw,178,0.2,8.195333,50000,100,1
0.9995,ordinary_hnsw,179,0.4,7.200375,50000,100,1
0.9995,ordinary_hnsw,180,0.2,6.247084,50000,100,1
0.9995,ordinary_hnsw,181,0.2,6.638791,50000,100,1
0.9995,ordinary_hnsw,182,0.4,6.753916,50000,100,1
0.9995,ordinary_hnsw,183,0.4,9.06275,50000,100,1
0.9995,ordinary_hnsw,184,0.8,8.074459,50000,100,1
0.9995,ordinary_hnsw,185,0.0,7.747459,50000,100,1
0.9995,ordinary_hnsw,186,0.2,7.61625,50000,100,1
0.9995,ordinary_hnsw,187,0.0,7.350083,50000,100,1
0.9995,ordinary_hnsw,188,0.4,7.476708,50000,100,1
0.9995,ordinary_hnsw,189,0.0,9.33225,50000,100,1
0.9995,ordinary_hnsw,190,0.8,7.217,50000,100,1
0.9995,ordinary_hnsw,191,0.2,7.3325,50000,100,1
0.9995,ordinary_hnsw,192,0.0,7.332708,50000,100,1
0.9995,ordinary_hnsw,193,0.6,8.32475,50000,100,1
0.9995,ordinary_hnsw,194,0.4,7.948166,50000,100,1
0.9995,ordinary_hnsw,195,0.4,7.507292,50000,100,1
0.9995,ordinary_hnsw,196,0.2,7.338459,50000,100,1
0.9995,ordinary_hnsw,197,0.0,7.5875,50000,100,1
0.9995,ordinary_hnsw,198,0.6,8.896959,50000,100,1
0.9995,ordinary_hnsw,199,0.0,7.532917,50000,100,1
0.9995,fixed_recency,0,0.8,4.478333,500,6,1
0.9995,fixed_recency,1,0.4,3.697209,500,2,1
0.9995,fixed_recency,2,0.8,3.345375,500,7,1
0.9995,fixed_recency,3,0.8,3.165458,500,4,1
0.9995,fixed_recency,4,0.6,2.998625,500,3,1
0.9995,fixed_recency,5,0.4,2.805333,500,2,1
0.9995,fixed_recency,6,0.2,3.024959,500,1,1
0.9995,fixed_recency,7,1.0,3.211459,500,10,1
0.9995,fixed_recency,8,0.6,3.031791,500,4,1
0.9995,fixed_recency,9,0.8,3.42575,500,4,1
0.9995,fixed_recency,10,1.0,4.3525,500,9,1
0.9995,fixed_recency,11,0.8,3.984625,500,8,1
0.9995,fixed_recency,12,1.0,3.225375,500,8,1
0.9995,fixed_recency,13,0.8,2.771166,500,5,1
0.9995,fixed_recency,14,0.8,3.025125,500,5,1
0.9995,fixed_recency,15,1.0,3.235167,500,9,1
0.9995,fixed_recency,16,0.2,3.057,500,1,1
0.9995,fixed_recency,17,1.0,3.177875,500,6,1
0.9995,fixed_recency,18,1.0,3.0265,500,9,1
0.9995,fixed_recency,19,0.8,2.863083,500,4,1
0.9995,fixed_recency,20,1.0,3.28475,500,11,1
0.9995,fixed_recency,21,0.6,3.523667,500,3,1
0.9995,fixed_recency,22,0.8,4.144417,500,4,1
0.9995,fixed_recency,23,1.0,3.360291,500,8,1
0.9995,fixed_recency,24,1.0,3.193708,500,6,1
0.9995,fixed_recency,25,0.4,3.114041,500,2,1
0.9995,fixed_recency,26,0.6,3.22725,500,4,1
0.9995,fixed_recency,27,1.0,3.522791,500,5,1
0.9995,fixed_recency,28,1.0,2.982875,500,8,1
0.9995,fixed_recency,29,1.0,2.7195,500,5,1
0.9995,fixed_recency,30,0.4,2.719959,500,2,1
0.9995,fixed_recency,31,0.8,2.934,500,5,1
0.9995,fixed_recency,32,1.0,3.404875,500,7,1
0.9995,fixed_recency,33,0.4,3.426333,500,2,1
0.9995,fixed_recency,34,0.8,3.706667,500,4,1
0.9995,fixed_recency,35,0.4,3.593834,500,2,1
0.9995,fixed_recency,36,0.0,3.135791,500,0,1
0.9995,fixed_recency,37,1.0,3.340625,500,5,1
0.9995,fixed_recency,38,0.2,2.999792,500,1,1
0.9995,fixed_recency,39,0.6,3.114042,500,4,1
0.9995,fixed_recency,40,0.6,2.882041,500,3,1
0.9995,fixed_recency,41,1.0,2.824542,500,6,1
0.9995,fixed_recency,42,0.6,3.195584,500,3,1
0.9995,fixed_recency,43,1.0,3.047959,500,8,1
0.9995,fixed_recency,44,1.0,2.984417,500,6,1
0.9995,fixed_recency,45,0.8,3.341584,500,4,1
0.9995,fixed_recency,46,1.0,4.101291,500,8,1
0.9995,fixed_recency,47,0.2,3.598083,500,1,1
0.9995,fixed_recency,48,1.0,3.212125,500,5,1
0.9995,fixed_recency,49,0.8,2.852417,500,6,1
0.9995,fixed_recency,50,0.4,2.953625,500,2,1
0.9995,fixed_recency,51,0.2,3.404167,500,1,1
0.9995,fixed_recency,52,1.0,3.063042,500,7,1
0.9995,fixed_recency,53,1.0,2.992084,500,9,1
0.9995,fixed_recency,54,1.0,2.704333,500,5,1
0.9995,fixed_recency,55,1.0,2.878083,500,7,1
0.9995,fixed_recency,56,0.8,2.788958,500,4,1
0.9995,fixed_recency,57,0.6,3.357334,500,3,1
0.9995,fixed_recency,58,0.4,3.949334,500,2,1
0.9995,fixed_recency,59,0.4,3.215625,500,2,1
0.9995,fixed_recency,60,0.2,2.939584,500,1,1
0.9995,fixed_recency,61,1.0,2.903708,500,5,1
0.9995,fixed_recency,62,1.0,2.925167,500,5,1
0.9995,fixed_recency,63,0.4,3.163042,500,2,1
0.9995,fixed_recency,64,1.0,2.912042,500,6,1
0.9995,fixed_recency,65,0.6,2.830584,500,3,1
0.9995,fixed_recency,66,1.0,2.822875,500,9,1
0.9995,fixed_recency,67,1.0,2.90775,500,15,1
0.9995,fixed_recency,68,1.0,2.986,500,7,1
0.9995,fixed_recency,69,0.4,3.163666,500,2,1
0.9995,fixed_recency,70,0.8,2.96375,500,4,1
0.9995,fixed_recency,71,1.0,3.533084,500,5,1
0.9995,fixed_recency,72,0.8,3.355334,500,8,1
0.9995,fixed_recency,73,1.0,3.210583,500,10,1
0.9995,fixed_recency,74,0.8,3.415375,500,4,1
0.9995,fixed_recency,75,0.4,3.0665,500,2,1
0.9995,fixed_recency,76,0.8,3.100958,500,4,1
0.9995,fixed_recency,77,0.4,2.880625,500,2,1
0.9995,fixed_recency,78,0.4,2.669875,500,2,1
0.9995,fixed_recency,79,1.0,2.771042,500,8,1
0.9995,fixed_recency,80,0.6,2.848334,500,3,1
0.9995,fixed_recency,81,1.0,2.902333,500,7,1
0.9995,fixed_recency,82,1.0,3.259042,500,7,1
0.9995,fixed_recency,83,1.0,3.593375,500,8,1
0.9995,fixed_recency,84,1.0,3.365542,500,5,1
0.9995,fixed_recency,85,1.0,3.258833,500,5,1
0.9995,fixed_recency,86,1.0,3.024042,500,6,1
0.9995,fixed_recency,87,1.0,3.039042,500,7,1
0.9995,fixed_recency,88,1.0,2.907167,500,5,1
0.9995,fixed_recency,89,1.0,3.028958,500,10,1
0.9995,fixed_recency,90,0.4,2.689917,500,2,1
0.9995,fixed_recency,91,0.8,2.8765,500,5,1
0.9995,fixed_recency,92,0.4,2.669875,500,2,1
0.9995,fixed_recency,93,0.6,2.682583,500,6,1
0.9995,fixed_recency,94,1.0,2.841125,500,16,1
0.9995,fixed_recency,95,0.2,2.694667,500,1,1
0.9995,fixed_recency,96,0.6,2.825083,500,7,1
0.9995,fixed_recency,97,1.0,2.748542,500,6,1
0.9995,fixed_recency,98,0.4,2.504583,500,2,1
0.9995,fixed_recency,99,1.0,2.691333,500,8,1
0.9995,fixed_recency,100,1.0,2.6255,500,6,1
0.9995,fixed_recency,101,0.4,2.691417,500,2,1
0.9995,fixed_recency,102,0.4,2.612708,500,2,1
0.9995,fixed_recency,103,0.4,2.719875,500,2,1
0.9995,fixed_recency,104,0.8,2.718,500,12,1
0.9995,fixed_recency,105,0.6,2.551334,500,3,1
0.9995,fixed_recency,106,1.0,2.6305,500,6,1
0.9995,fixed_recency,107,1.0,2.88675,500,9,1
0.9995,fixed_recency,108,1.0,2.934875,500,5,1
0.9995,fixed_recency,109,1.0,3.281791,500,14,1
0.9995,fixed_recency,110,0.8,2.974833,500,8,1
0.9995,fixed_recency,111,1.0,2.927042,500,9,1
0.9995,fixed_recency,112,0.6,2.798334,500,3,1
0.9995,fixed_recency,113,0.4,3.0925,500,2,1
0.9995,fixed_recency,114,1.0,3.260208,500,8,1
0.9995,fixed_recency,115,1.0,2.869125,500,10,1
0.9995,fixed_recency,116,1.0,2.719959,500,11,1
0.9995,fixed_recency,117,1.0,2.699583,500,8,1
0.9995,fixed_recency,118,1.0,3.013125,500,7,1
0.9995,fixed_recency,119,1.0,2.802584,500,9,1
0.9995,fixed_recency,120,1.0,2.956875,500,5,1
0.9995,fixed_recency,121,1.0,2.7085,500,8,1
0.9995,fixed_recency,122,0.4,2.525542,500,2,1
0.9995,fixed_recency,123,0.8,2.570375,500,4,1
0.9995,fixed_recency,124,1.0,2.590416,500,5,1
0.9995,fixed_recency,125,1.0,2.799458,500,9,1
0.9995,fixed_recency,126,0.8,2.850917,500,4,1
0.9995,fixed_recency,127,0.4,2.640208,500,2,1
0.9995,fixed_recency,128,1.0,2.6765,500,8,1
0.9995,fixed_recency,129,1.0,2.550458,500,5,1
0.9995,fixed_recency,130,0.6,2.531917,500,4,1
0.9995,fixed_recency,131,1.0,2.660208,500,6,1
0.9995,fixed_recency,132,0.8,2.933,500,4,1
0.9995,fixed_recency,133,1.0,3.100792,500,7,1
0.9995,fixed_recency,134,1.0,3.105334,500,11,1
0.9995,fixed_recency,135,1.0,2.945334,500,5,1
0.9995,fixed_recency,136,1.0,2.807875,500,7,1
0.9995,fixed_recency,137,0.4,3.43225,500,2,1
0.9995,fixed_recency,138,0.8,3.397916,500,4,1
0.9995,fixed_recency,139,1.0,2.986791,500,7,1
0.9995,fixed_recency,140,0.4,2.665125,500,2,1
0.9995,fixed_recency,141,0.8,2.661958,500,4,1
0.9995,fixed_recency,142,0.8,2.973125,500,4,1
0.9995,fixed_recency,143,0.8,3.159167,500,4,1
0.9995,fixed_recency,144,0.4,2.793791,500,2,1
0.9995,fixed_recency,145,1.0,2.817,500,9,1
0.9995,fixed_recency,146,0.2,2.907958,500,1,1
0.9995,fixed_recency,147,0.2,2.71075,500,1,1
0.9995,fixed_recency,148,1.0,3.494792,500,7,1
0.9995,fixed_recency,149,0.8,3.517291,500,5,1
0.9995,fixed_recency,150,0.6,2.842875,500,3,1
0.9995,fixed_recency,151,0.4,2.900333,500,2,1
0.9995,fixed_recency,152,0.6,2.774791,500,4,1
0.9995,fixed_recency,153,1.0,2.954875,500,10,1
0.9995,fixed_recency,154,0.8,2.490458,500,11,1
0.9995,fixed_recency,155,1.0,3.551958,500,7,1
0.9995,fixed_recency,156,0.8,3.13025,500,4,1
0.9995,fixed_recency,157,1.0,3.356125,500,7,1
0.9995,fixed_recency,158,0.4,2.650834,500,2,1
0.9995,fixed_recency,159,1.0,2.870458,500,14,1
0.9995,fixed_recency,160,0.2,3.725583,500,1,1
0.9995,fixed_recency,161,0.8,3.0735,500,4,1
0.9995,fixed_recency,162,0.6,2.687125,500,3,1
0.9995,fixed_recency,163,1.0,2.980292,500,5,1
0.9995,fixed_recency,164,1.0,3.696792,500,5,1
0.9995,fixed_recency,165,1.0,4.124791,500,11,1
0.9995,fixed_recency,166,0.4,2.811791,500,2,1
0.9995,fixed_recency,167,0.2,2.569167,500,1,1
0.9995,fixed_recency,168,1.0,2.968042,500,17,1
0.9995,fixed_recency,169,1.0,3.070458,500,8,1
0.9995,fixed_recency,170,1.0,2.53825,500,10,1
0.9995,fixed_recency,171,1.0,2.893417,500,6,1
0.9995,fixed_recency,172,0.4,2.693166,500,2,1
0.9995,fixed_recency,173,0.2,2.89225,500,1,1
0.9995,fixed_recency,174,1.0,2.826125,500,8,1
0.9995,fixed_recency,175,0.8,2.876708,500,6,1
0.9995,fixed_recency,176,1.0,2.710792,500,5,1
0.9995,fixed_recency,177,0.4,2.878667,500,2,1
0.9995,fixed_recency,178,1.0,2.405583,500,5,1
0.9995,fixed_recency,179,0.8,2.434417,500,4,1
0.9995,fixed_recency,180,0.4,2.577041,500,2,1
0.9995,fixed_recency,181,1.0,3.644416,500,5,1
0.9995,fixed_recency,182,1.0,3.241958,500,5,1
0.9995,fixed_recency,183,1.0,2.849375,500,7,1
0.9995,fixed_recency,184,1.0,2.53525,500,9,1
0.9995,fixed_recency,185,0.4,2.60425,500,2,1
0.9995,fixed_recency,186,0.4,2.570292,500,7,1
0.9995,fixed_recency,187,0.2,2.584208,500,1,1
0.9995,fixed_recency,188,1.0,2.613208,500,7,1
0.9995,fixed_recency,189,1.0,3.446541,500,13,1
0.9995,fixed_recency,190,0.4,3.052166,500,2,1
0.9995,fixed_recency,191,1.0,2.76525,500,5,1
0.9995,fixed_recency,192,0.4,2.469708,500,2,1
0.9995,fixed_recency,193,1.0,2.960625,500,12,1
0.9995,fixed_recency,194,1.0,2.933917,500,5,1
0.9995,fixed_recency,195,0.6,2.8505,500,3,1
0.9995,fixed_recency,196,0.4,2.587333,500,2,1
0.9995,fixed_recency,197,1.0,2.816875,500,8,1
0.9995,fixed_recency,198,0.4,2.957916,500,2,1
0.9995,fixed_recency,199,0.8,3.597625,500,4,1
0.9995,adaptive_temporal,0,1.0,8.134709,1000,19,3
0.9995,adaptive_temporal,1,1.0,10.64025,2000,26,4
0.9995,adaptive_temporal,2,1.0,8.871666,1000,21,3
0.9995,adaptive_temporal,3,1.0,10.601625,2000,35,4
0.9995,adaptive_temporal,4,1.0,11.281916,2000,18,4
0.9995,adaptive_temporal,5,1.0,10.501875,2000,18,4
0.9995,adaptive_temporal,6,1.0,14.386625,4000,31,5
0.9995,adaptive_temporal,7,1.0,8.35925,1000,27,3
0.9995,adaptive_temporal,8,1.0,12.043584,2000,35,4
0.9995,adaptive_temporal,9,1.0,7.889584,1000,11,3
0.9995,adaptive_temporal,10,1.0,8.584167,1000,25,3
0.9995,adaptive_temporal,11,1.0,8.121291,1000,25,3
0.9995,adaptive_temporal,12,1.0,8.229875,1000,33,3
0.9995,adaptive_temporal,13,1.0,7.979667,1000,23,3
0.9995,adaptive_temporal,14,1.0,8.104042,1000,22,3
0.9995,adaptive_temporal,15,1.0,7.498041,1000,25,3
0.9995,adaptive_temporal,16,1.0,14.586792,4000,31,5
0.9995,adaptive_temporal,17,1.0,7.373792,1000,18,3
0.9995,adaptive_temporal,18,1.0,7.740667,1000,32,3
0.9995,adaptive_temporal,19,1.0,11.309459,2000,43,4
0.9995,adaptive_temporal,20,1.0,5.98925,500,16,2
0.9995,adaptive_temporal,21,1.0,11.505167,2000,26,4
0.9995,adaptive_temporal,22,1.0,7.713625,1000,13,3
0.9995,adaptive_temporal,23,1.0,8.1655,1000,23,3
0.9995,adaptive_temporal,24,1.0,7.123917,1000,17,3
0.9995,adaptive_temporal,25,1.0,10.248333,2000,30,4
0.9995,adaptive_temporal,26,1.0,7.290125,1000,14,3
0.9995,adaptive_temporal,27,1.0,7.82475,1000,20,3
0.9995,adaptive_temporal,28,1.0,7.66975,1000,23,3
0.9995,adaptive_temporal,29,1.0,7.143167,1000,17,3
0.9995,adaptive_temporal,30,1.0,12.752625,4000,21,5
0.9995,adaptive_temporal,31,1.0,7.433542,1000,17,3
0.9995,adaptive_temporal,32,1.0,7.340875,1000,26,3
0.9995,adaptive_temporal,33,1.0,8.62025,1000,12,3
0.9995,adaptive_temporal,34,1.0,10.188042,2000,27,4
0.9995,adaptive_temporal,35,1.0,12.8005,2000,31,4
0.9995,adaptive_temporal,36,1.0,12.723959,2000,16,4
0.9995,adaptive_temporal,37,1.0,8.623541,1000,23,3
0.9995,adaptive_temporal,38,1.0,14.362583,4000,32,5
0.9995,adaptive_temporal,39,1.0,8.434625,1000,14,3
0.9995,adaptive_temporal,40,1.0,7.795708,1000,13,3
0.9995,adaptive_temporal,41,1.0,7.680084,1000,20,3
0.9995,adaptive_temporal,42,1.0,10.903292,2000,26,4
0.9995,adaptive_temporal,43,1.0,7.954541,1000,23,3
0.9995,adaptive_temporal,44,1.0,8.425667,1000,24,3
0.9995,adaptive_temporal,45,1.0,7.966042,1000,16,3
0.9995,adaptive_temporal,46,1.0,7.392958,1000,28,3
0.9995,adaptive_temporal,47,1.0,13.546334,4000,31,5
0.9995,adaptive_temporal,48,1.0,6.957583,1000,17,3
0.9995,adaptive_temporal,49,1.0,7.937333,1000,17,3
0.9995,adaptive_temporal,50,1.0,9.678208,2000,31,4
0.9995,adaptive_temporal,51,1.0,13.382292,4000,31,5
0.9995,adaptive_temporal,52,1.0,4.590959,500,12,2
0.9995,adaptive_temporal,53,1.0,7.416166,1000,25,3
0.9995,adaptive_temporal,54,1.0,7.294708,1000,16,3
0.9995,adaptive_temporal,55,1.0,7.754042,1000,26,3
0.9995,adaptive_temporal,56,1.0,10.228,2000,25,4
0.9995,adaptive_temporal,57,1.0,9.423792,2000,31,4
0.9995,adaptive_temporal,58,1.0,10.368667,2000,24,4
0.9995,adaptive_temporal,59,1.0,9.4435,2000,33,4
0.9995,adaptive_temporal,60,1.0,14.505458,4000,35,5
0.9995,adaptive_temporal,61,1.0,6.882334,1000,17,3
0.9995,adaptive_temporal,62,1.0,7.529542,1000,18,3
0.9995,adaptive_temporal,63,1.0,10.261292,2000,26,4
0.9995,adaptive_temporal,64,1.0,8.137459,1000,22,3
0.9995,adaptive_temporal,65,1.0,10.419084,2000,26,4
0.9995,adaptive_temporal,66,1.0,7.816333,1000,31,3
0.9995,adaptive_temporal,67,1.0,8.774417,1000,44,3
0.9995,adaptive_temporal,68,1.0,7.118417,1000,30,3
0.9995,adaptive_temporal,69,1.0,10.105959,2000,35,4
0.9995,adaptive_temporal,70,1.0,7.013833,1000,16,3
0.9995,adaptive_temporal,71,1.0,7.52925,1000,17,3
0.9995,adaptive_temporal,72,1.0,7.780792,1000,26,3
0.9995,adaptive_temporal,73,1.0,7.558875,1000,30,3
0.9995,adaptive_temporal,74,1.0,7.671042,1000,13,3
0.9995,adaptive_temporal,75,1.0,10.419042,2000,29,4
0.9995,adaptive_temporal,76,1.0,9.418792,2000,43,4
0.9995,adaptive_temporal,77,1.0,10.252125,2000,30,4
0.9995,adaptive_temporal,78,1.0,10.56675,2000,25,4
0.9995,adaptive_temporal,79,1.0,7.728084,1000,24,3
0.9995,adaptive_temporal,80,1.0,9.649792,2000,31,4
0.9995,adaptive_temporal,81,1.0,7.222875,1000,20,3
0.9995,adaptive_temporal,82,1.0,7.520208,1000,26,3
0.9995,adaptive_temporal,83,1.0,7.320417,1000,24,3
0.9995,adaptive_temporal,84,1.0,10.8555,2000,36,4
0.9995,adaptive_temporal,85,1.0,7.241333,1000,19,3
0.9995,adaptive_temporal,86,1.0,6.706417,1000,20,3
0.9995,adaptive_temporal,87,1.0,4.980625,500,12,2
0.9995,adaptive_temporal,88,1.0,7.073458,1000,17,3
0.9995,adaptive_temporal,89,1.0,6.870042,1000,31,3
0.9995,adaptive_temporal,90,1.0,10.217209,2000,29,4
0.9995,adaptive_temporal,91,1.0,7.134291,1000,16,3
0.9995,adaptive_temporal,92,1.0,10.670917,2000,25,4
0.9995,adaptive_temporal,93,1.0,7.119709,1000,17,3
0.9995,adaptive_temporal,94,1.0,7.519042,1000,62,3
0.9995,adaptive_temporal,95,1.0,10.181583,2000,32,4
0.9995,adaptive_temporal,96,1.0,6.942333,1000,26,3
0.9995,adaptive_temporal,97,1.0,7.431167,1000,25,3
0.9995,adaptive_temporal,98,1.0,9.869417,2000,17,4
0.9995,adaptive_temporal,99,1.0,7.594167,1000,23,3
0.9995,adaptive_temporal,100,1.0,7.742125,1000,24,3
0.9995,adaptive_temporal,101,1.0,9.364958,2000,25,4
0.9995,adaptive_temporal,102,1.0,10.447666,2000,30,4
0.9995,adaptive_temporal,103,1.0,10.594542,2000,25,4
0.9995,adaptive_temporal,104,1.0,7.912584,1000,36,3
0.9995,adaptive_temporal,105,1.0,9.992542,2000,27,4
0.9995,adaptive_temporal,106,1.0,6.934625,1000,21,3
0.9995,adaptive_temporal,107,1.0,7.558208,1000,30,3
0.9995,adaptive_temporal,108,1.0,6.611417,1000,18,3
0.9995,adaptive_temporal,109,1.0,7.520333,1000,41,3
0.9995,adaptive_temporal,110,1.0,7.436666,1000,23,3
0.9995,adaptive_temporal,111,1.0,7.603917,1000,32,3
0.9995,adaptive_temporal,112,1.0,10.008417,2000,31,4
0.9995,adaptive_temporal,113,1.0,12.895708,4000,24,5
0.9995,adaptive_temporal,114,1.0,7.920584,1000,25,3
0.9995,adaptive_temporal,115,1.0,7.862583,1000,38,3
0.9995,adaptive_temporal,116,1.0,7.403625,1000,34,3
0.9995,adaptive_temporal,117,1.0,7.489,1000,25,3
0.9995,adaptive_temporal,118,1.0,6.584625,1000,26,3
0.9995,adaptive_temporal,119,1.0,7.8315,1000,33,3
0.9995,adaptive_temporal,120,1.0,10.229917,2000,30,4
0.9995,adaptive_temporal,121,1.0,8.029916,1000,28,3
0.9995,adaptive_temporal,122,1.0,10.148958,2000,35,4
0.9995,adaptive_temporal,123,1.0,11.940542,2000,44,4
0.9995,adaptive_temporal,124,1.0,7.438542,1000,19,3
0.9995,adaptive_temporal,125,1.0,7.451292,1000,34,3
0.9995,adaptive_temporal,126,1.0,7.635042,1000,13,3
0.9995,adaptive_temporal,127,1.0,13.737125,4000,24,5
0.9995,adaptive_temporal,128,1.0,7.697375,1000,23,3
0.9995,adaptive_temporal,129,1.0,9.968334,2000,41,4
0.9995,adaptive_temporal,130,1.0,7.74525,1000,12,3
0.9995,adaptive_temporal,131,1.0,7.177333,1000,20,3
0.9995,adaptive_temporal,132,1.0,7.503541,1000,19,3
0.9995,adaptive_temporal,133,1.0,11.509458,1000,20,3
0.9995,adaptive_temporal,134,1.0,8.38325,1000,32,3
0.9995,adaptive_temporal,135,1.0,7.304917,1000,17,3
0.9995,adaptive_temporal,136,1.0,7.498417,1000,26,3
0.9995,adaptive_temporal,137,1.0,8.96625,2000,24,4
0.9995,adaptive_temporal,138,1.0,9.31125,2000,44,4
0.9995,adaptive_temporal,139,1.0,6.786375,1000,19,3
0.9995,adaptive_temporal,140,1.0,9.909708,2000,31,4
0.9995,adaptive_temporal,141,1.0,6.4875,1000,20,3
0.9995,adaptive_temporal,142,1.0,9.09925,2000,25,4
0.9995,adaptive_temporal,143,1.0,8.680583,2000,25,4
0.9995,adaptive_temporal,144,1.0,8.938542,2000,25,4
0.9995,adaptive_temporal,145,1.0,6.886958,1000,33,3
0.9995,adaptive_temporal,146,1.0,9.695833,2000,15,4
0.9995,adaptive_temporal,147,1.0,9.131708,2000,18,4
0.9995,adaptive_temporal,148,1.0,7.342291,1000,31,3
0.9995,adaptive_temporal,149,1.0,6.403959,1000,16,3
0.9995,adaptive_temporal,150,1.0,10.728209,2000,18,4
0.9995,adaptive_temporal,151,1.0,10.041916,2000,32,4
0.9995,adaptive_temporal,152,1.0,7.544208,1000,12,3
0.9995,adaptive_temporal,153,1.0,7.768458,1000,34,3
0.9995,adaptive_temporal,154,1.0,7.874209,1000,37,3
0.9995,adaptive_temporal,155,1.0,7.085792,1000,23,3
0.9995,adaptive_temporal,156,1.0,10.075542,2000,43,4
0.9995,adaptive_temporal,157,1.0,7.579791,1000,26,3
0.9995,adaptive_temporal,158,1.0,10.198334,2000,31,4
0.9995,adaptive_temporal,159,1.0,6.8805,1000,39,3
0.9995,adaptive_temporal,160,1.0,10.114917,2000,26,4
0.9995,adaptive_temporal,161,1.0,10.053833,2000,35,4
0.9995,adaptive_temporal,162,1.0,9.250292,2000,27,4
0.9995,adaptive_temporal,163,1.0,8.224875,1000,20,3
0.9995,adaptive_temporal,164,1.0,7.344875,1000,17,3
0.9995,adaptive_temporal,165,1.0,7.403916,1000,34,3
0.9995,adaptive_temporal,166,1.0,9.613833,2000,26,4
0.9995,adaptive_temporal,167,1.0,13.659709,4000,35,5
0.9995,adaptive_temporal,168,1.0,7.387917,1000,51,3
0.9995,adaptive_temporal,169,1.0,7.231333,1000,25,3
0.9995,adaptive_temporal,170,1.0,7.54925,1000,27,3
0.9995,adaptive_temporal,171,1.0,7.265584,1000,18,3
0.9995,adaptive_temporal,172,1.0,9.4975,2000,17,4
0.9995,adaptive_temporal,173,1.0,10.673,2000,32,4
0.9995,adaptive_temporal,174,1.0,7.108084,1000,33,3
0.9995,adaptive_temporal,175,1.0,7.533792,1000,27,3
0.9995,adaptive_temporal,176,1.0,6.71225,1000,16,3
0.9995,adaptive_temporal,177,1.0,13.74825,4000,24,5
0.9995,adaptive_temporal,178,1.0,7.092584,1000,16,3
0.9995,adaptive_temporal,179,1.0,10.360167,2000,46,4
0.9995,adaptive_temporal,180,1.0,10.585583,2000,26,4
0.9995,adaptive_temporal,181,1.0,7.22825,1000,14,3
0.9995,adaptive_temporal,182,1.0,7.306292,1000,17,3
0.9995,adaptive_temporal,183,1.0,8.766875,1000,19,3
0.9995,adaptive_temporal,184,1.0,7.494958,1000,30,3
0.9995,adaptive_temporal,185,1.0,9.6545,2000,24,4
0.9995,adaptive_temporal,186,1.0,8.000166,1000,24,3
0.9995,adaptive_temporal,187,1.0,13.938083,4000,32,5
0.9995,adaptive_temporal,188,1.0,8.299958,1000,21,3
0.9995,adaptive_temporal,189,1.0,8.052542,1000,44,3
0.9995,adaptive_temporal,190,1.0,12.226375,2000,30,4
0.9995,adaptive_temporal,191,1.0,8.073791,1000,19,3
0.9995,adaptive_temporal,192,1.0,10.643,2000,26,4
0.9995,adaptive_temporal,193,1.0,8.837791,1000,34,3
0.9995,adaptive_temporal,194,1.0,7.181834,1000,19,3
0.9995,adaptive_temporal,195,1.0,10.531291,2000,26,4
0.9995,adaptive_temporal,196,1.0,11.829917,2000,18,4
0.9995,adaptive_temporal,197,1.0,8.554042,1000,35,3
0.9995,adaptive_temporal,198,1.0,9.556125,2000,20,4
0.9995,adaptive_temporal,199,1.0,11.868958,2000,26,4
0.99861,exhaustive_weighted,0,1.0,9.445875,50000,50000,0
0.99861,exhaustive_weighted,1,1.0,10.524625,50000,50000,0
0.99861,exhaustive_weighted,2,1.0,10.220958,50000,50000,0
0.99861,exhaustive_weighted,3,1.0,10.246333,50000,50000,0
0.99861,exhaustive_weighted,4,1.0,10.20725,50000,50000,0
0.99861,exhaustive_weighted,5,1.0,10.0505,50000,50000,0
0.99861,exhaustive_weighted,6,1.0,10.8545,50000,50000,0
0.99861,exhaustive_weighted,7,1.0,9.919625,50000,50000,0
0.99861,exhaustive_weighted,8,1.0,10.673584,50000,50000,0
0.99861,exhaustive_weighted,9,1.0,10.729417,50000,50000,0
0.99861,exhaustive_weighted,10,1.0,10.743833,50000,50000,0
0.99861,exhaustive_weighted,11,1.0,13.555583,50000,50000,0
0.99861,exhaustive_weighted,12,1.0,10.788792,50000,50000,0
0.99861,exhaustive_weighted,13,1.0,10.932208,50000,50000,0
0.99861,exhaustive_weighted,14,1.0,11.74775,50000,50000,0
0.99861,exhaustive_weighted,15,1.0,11.003959,50000,50000,0
0.99861,exhaustive_weighted,16,1.0,10.809792,50000,50000,0
0.99861,exhaustive_weighted,17,1.0,11.539792,50000,50000,0
0.99861,exhaustive_weighted,18,1.0,11.66875,50000,50000,0
0.99861,exhaustive_weighted,19,1.0,11.37575,50000,50000,0
0.99861,exhaustive_weighted,20,1.0,10.0415,50000,50000,0
0.99861,exhaustive_weighted,21,1.0,10.261875,50000,50000,0
0.99861,exhaustive_weighted,22,1.0,11.457917,50000,50000,0
0.99861,exhaustive_weighted,23,1.0,10.492209,50000,50000,0
0.99861,exhaustive_weighted,24,1.0,11.035541,50000,50000,0
0.99861,exhaustive_weighted,25,1.0,9.04075,50000,50000,0
0.99861,exhaustive_weighted,26,1.0,11.391166,50000,50000,0
0.99861,exhaustive_weighted,27,1.0,11.148,50000,50000,0
0.99861,exhaustive_weighted,28,1.0,10.284292,50000,50000,0
0.99861,exhaustive_weighted,29,1.0,10.768125,50000,50000,0
0.99861,exhaustive_weighted,30,1.0,10.129041,50000,50000,0
0.99861,exhaustive_weighted,31,1.0,10.136,50000,50000,0
0.99861,exhaustive_weighted,32,1.0,10.6645,50000,50000,0
0.99861,exhaustive_weighted,33,1.0,11.370875,50000,50000,0
0.99861,exhaustive_weighted,34,1.0,9.379583,50000,50000,0
0.99861,exhaustive_weighted,35,1.0,11.175584,50000,50000,0
0.99861,exhaustive_weighted,36,1.0,10.950625,50000,50000,0
0.99861,exhaustive_weighted,37,1.0,10.261916,50000,50000,0
0.99861,exhaustive_weighted,38,1.0,10.018333,50000,50000,0
0.99861,exhaustive_weighted,39,1.0,9.679167,50000,50000,0
0.99861,exhaustive_weighted,40,1.0,11.907083,50000,50000,0
0.99861,exhaustive_weighted,41,1.0,11.117834,50000,50000,0
0.99861,exhaustive_weighted,42,1.0,11.1705,50000,50000,0
0.99861,exhaustive_weighted,43,1.0,11.034292,50000,50000,0
0.99861,exhaustive_weighted,44,1.0,10.830667,50000,50000,0
0.99861,exhaustive_weighted,45,1.0,10.076458,50000,50000,0
0.99861,exhaustive_weighted,46,1.0,11.697334,50000,50000,0
0.99861,exhaustive_weighted,47,1.0,9.502917,50000,50000,0
0.99861,exhaustive_weighted,48,1.0,13.047875,50000,50000,0
0.99861,exhaustive_weighted,49,1.0,12.162625,50000,50000,0
0.99861,exhaustive_weighted,50,1.0,10.888041,50000,50000,0
0.99861,exhaustive_weighted,51,1.0,10.848542,50000,50000,0
0.99861,exhaustive_weighted,52,1.0,10.950042,50000,50000,0
0.99861,exhaustive_weighted,53,1.0,11.121541,50000,50000,0
0.99861,exhaustive_weighted,54,1.0,11.256917,50000,50000,0
0.99861,exhaustive_weighted,55,1.0,10.64875,50000,50000,0
0.99861,exhaustive_weighted,56,1.0,11.363708,50000,50000,0
0.99861,exhaustive_weighted,57,1.0,11.5425,50000,50000,0
0.99861,exhaustive_weighted,58,1.0,11.513458,50000,50000,0
0.99861,exhaustive_weighted,59,1.0,11.101667,50000,50000,0
0.99861,exhaustive_weighted,60,1.0,10.991542,50000,50000,0
0.99861,exhaustive_weighted,61,1.0,11.623416,50000,50000,0
0.99861,exhaustive_weighted,62,1.0,10.655042,50000,50000,0
0.99861,exhaustive_weighted,63,1.0,11.371292,50000,50000,0
0.99861,exhaustive_weighted,64,1.0,10.819458,50000,50000,0
0.99861,exhaustive_weighted,65,1.0,11.855791,50000,50000,0
0.99861,exhaustive_weighted,66,1.0,10.723875,50000,50000,0
0.99861,exhaustive_weighted,67,1.0,10.880458,50000,50000,0
0.99861,exhaustive_weighted,68,1.0,9.665583,50000,50000,0
0.99861,exhaustive_weighted,69,1.0,10.924834,50000,50000,0
0.99861,exhaustive_weighted,70,1.0,11.016417,50000,50000,0
0.99861,exhaustive_weighted,71,1.0,9.224083,50000,50000,0
0.99861,exhaustive_weighted,72,1.0,10.770709,50000,50000,0
0.99861,exhaustive_weighted,73,1.0,10.449917,50000,50000,0
0.99861,exhaustive_weighted,74,1.0,10.069417,50000,50000,0
0.99861,exhaustive_weighted,75,1.0,10.263166,50000,50000,0
0.99861,exhaustive_weighted,76,1.0,9.738375,50000,50000,0
0.99861,exhaustive_weighted,77,1.0,10.182333,50000,50000,0
0.99861,exhaustive_weighted,78,1.0,10.253416,50000,50000,0
0.99861,exhaustive_weighted,79,1.0,10.708166,50000,50000,0
0.99861,exhaustive_weighted,80,1.0,10.245208,50000,50000,0
0.99861,exhaustive_weighted,81,1.0,10.313916,50000,50000,0
0.99861,exhaustive_weighted,82,1.0,9.038291,50000,50000,0
0.99861,exhaustive_weighted,83,1.0,9.950375,50000,50000,0
0.99861,exhaustive_weighted,84,1.0,9.144209,50000,50000,0
0.99861,exhaustive_weighted,85,1.0,11.956833,50000,50000,0
0.99861,exhaustive_weighted,86,1.0,10.711458,50000,50000,0
0.99861,exhaustive_weighted,87,1.0,10.305209,50000,50000,0
0.99861,exhaustive_weighted,88,1.0,10.706042,50000,50000,0
0.99861,exhaustive_weighted,89,1.0,11.16725,50000,50000,0
0.99861,exhaustive_weighted,90,1.0,10.2715,50000,50000,0
0.99861,exhaustive_weighted,91,1.0,11.303042,50000,50000,0
0.99861,exhaustive_weighted,92,1.0,8.873917,50000,50000,0
0.99861,exhaustive_weighted,93,1.0,10.430209,50000,50000,0
0.99861,exhaustive_weighted,94,1.0,10.434208,50000,50000,0
0.99861,exhaustive_weighted,95,1.0,10.440083,50000,50000,0
0.99861,exhaustive_weighted,96,1.0,10.237792,50000,50000,0
0.99861,exhaustive_weighted,97,1.0,9.898875,50000,50000,0
0.99861,exhaustive_weighted,98,1.0,11.833292,50000,50000,0
0.99861,exhaustive_weighted,99,1.0,10.880334,50000,50000,0
0.99861,exhaustive_weighted,100,1.0,9.87425,50000,50000,0
0.99861,exhaustive_weighted,101,1.0,9.765917,50000,50000,0
0.99861,exhaustive_weighted,102,1.0,10.255833,50000,50000,0
0.99861,exhaustive_weighted,103,1.0,9.556667,50000,50000,0
0.99861,exhaustive_weighted,104,1.0,11.009375,50000,50000,0
0.99861,exhaustive_weighted,105,1.0,10.40275,50000,50000,0
0.99861,exhaustive_weighted,106,1.0,10.308208,50000,50000,0
0.99861,exhaustive_weighted,107,1.0,10.42325,50000,50000,0
0.99861,exhaustive_weighted,108,1.0,10.04575,50000,50000,0
0.99861,exhaustive_weighted,109,1.0,10.242625,50000,50000,0
0.99861,exhaustive_weighted,110,1.0,9.877167,50000,50000,0
0.99861,exhaustive_weighted,111,1.0,10.720541,50000,50000,0
0.99861,exhaustive_weighted,112,1.0,11.277042,50000,50000,0
0.99861,exhaustive_weighted,113,1.0,10.228166,50000,50000,0
0.99861,exhaustive_weighted,114,1.0,10.124334,50000,50000,0
0.99861,exhaustive_weighted,115,1.0,10.641583,50000,50000,0
0.99861,exhaustive_weighted,116,1.0,10.189709,50000,50000,0
0.99861,exhaustive_weighted,117,1.0,10.102125,50000,50000,0
0.99861,exhaustive_weighted,118,1.0,10.084083,50000,50000,0
0.99861,exhaustive_weighted,119,1.0,9.836708,50000,50000,0
0.99861,exhaustive_weighted,120,1.0,10.79575,50000,50000,0
0.99861,exhaustive_weighted,121,1.0,9.893959,50000,50000,0
0.99861,exhaustive_weighted,122,1.0,11.337,50000,50000,0
0.99861,exhaustive_weighted,123,1.0,10.106541,50000,50000,0
0.99861,exhaustive_weighted,124,1.0,10.382125,50000,50000,0
0.99861,exhaustive_weighted,125,1.0,9.887709,50000,50000,0
0.99861,exhaustive_weighted,126,1.0,10.005708,50000,50000,0
0.99861,exhaustive_weighted,127,1.0,9.466458,50000,50000,0
0.99861,exhaustive_weighted,128,1.0,10.078875,50000,50000,0
0.99861,exhaustive_weighted,129,1.0,10.094125,50000,50000,0
0.99861,exhaustive_weighted,130,1.0,10.77225,50000,50000,0
0.99861,exhaustive_weighted,131,1.0,10.055875,50000,50000,0
0.99861,exhaustive_weighted,132,1.0,9.896791,50000,50000,0
0.99861,exhaustive_weighted,133,1.0,9.905875,50000,50000,0
0.99861,exhaustive_weighted,134,1.0,10.393875,50000,50000,0
0.99861,exhaustive_weighted,135,1.0,11.014292,50000,50000,0
0.99861,exhaustive_weighted,136,1.0,9.644708,50000,50000,0
0.99861,exhaustive_weighted,137,1.0,10.617208,50000,50000,0
0.99861,exhaustive_weighted,138,1.0,10.587041,50000,50000,0
0.99861,exhaustive_weighted,139,1.0,9.803625,50000,50000,0
0.99861,exhaustive_weighted,140,1.0,10.109291,50000,50000,0
0.99861,exhaustive_weighted,141,1.0,9.131042,50000,50000,0
0.99861,exhaustive_weighted,142,1.0,10.738084,50000,50000,0
0.99861,exhaustive_weighted,143,1.0,10.273166,50000,50000,0
0.99861,exhaustive_weighted,144,1.0,9.738417,50000,50000,0
0.99861,exhaustive_weighted,145,1.0,10.551666,50000,50000,0
0.99861,exhaustive_weighted,146,1.0,10.622459,50000,50000,0
0.99861,exhaustive_weighted,147,1.0,10.303917,50000,50000,0
0.99861,exhaustive_weighted,148,1.0,11.330541,50000,50000,0
0.99861,exhaustive_weighted,149,1.0,9.420416,50000,50000,0
0.99861,exhaustive_weighted,150,1.0,10.243792,50000,50000,0
0.99861,exhaustive_weighted,151,1.0,10.437208,50000,50000,0
0.99861,exhaustive_weighted,152,1.0,9.617417,50000,50000,0
0.99861,exhaustive_weighted,153,1.0,9.784333,50000,50000,0
0.99861,exhaustive_weighted,154,1.0,10.437791,50000,50000,0
0.99861,exhaustive_weighted,155,1.0,10.149291,50000,50000,0
0.99861,exhaustive_weighted,156,1.0,10.101375,50000,50000,0
0.99861,exhaustive_weighted,157,1.0,9.549834,50000,50000,0
0.99861,exhaustive_weighted,158,1.0,10.235,50000,50000,0
0.99861,exhaustive_weighted,159,1.0,10.132625,50000,50000,0
0.99861,exhaustive_weighted,160,1.0,9.656542,50000,50000,0
0.99861,exhaustive_weighted,161,1.0,9.95925,50000,50000,0
0.99861,exhaustive_weighted,162,1.0,8.943042,50000,50000,0
0.99861,exhaustive_weighted,163,1.0,10.256042,50000,50000,0
0.99861,exhaustive_weighted,164,1.0,9.738042,50000,50000,0
0.99861,exhaustive_weighted,165,1.0,10.05875,50000,50000,0
0.99861,exhaustive_weighted,166,1.0,10.399042,50000,50000,0
0.99861,exhaustive_weighted,167,1.0,9.894083,50000,50000,0
0.99861,exhaustive_weighted,168,1.0,10.223458,50000,50000,0
0.99861,exhaustive_weighted,169,1.0,10.000417,50000,50000,0
0.99861,exhaustive_weighted,170,1.0,9.649,50000,50000,0
0.99861,exhaustive_weighted,171,1.0,10.516875,50000,50000,0
0.99861,exhaustive_weighted,172,1.0,9.557333,50000,50000,0
0.99861,exhaustive_weighted,173,1.0,10.160541,50000,50000,0
0.99861,exhaustive_weighted,174,1.0,9.533875,50000,50000,0
0.99861,exhaustive_weighted,175,1.0,10.802708,50000,50000,0
0.99861,exhaustive_weighted,176,1.0,9.854042,50000,50000,0
0.99861,exhaustive_weighted,177,1.0,9.869792,50000,50000,0
0.99861,exhaustive_weighted,178,1.0,9.989917,50000,50000,0
0.99861,exhaustive_weighted,179,1.0,9.907083,50000,50000,0
0.99861,exhaustive_weighted,180,1.0,10.536416,50000,50000,0
0.99861,exhaustive_weighted,181,1.0,9.790042,50000,50000,0
0.99861,exhaustive_weighted,182,1.0,9.620125,50000,50000,0
0.99861,exhaustive_weighted,183,1.0,9.519459,50000,50000,0
0.99861,exhaustive_weighted,184,1.0,10.107542,50000,50000,0
0.99861,exhaustive_weighted,185,1.0,10.684833,50000,50000,0
0.99861,exhaustive_weighted,186,1.0,10.920042,50000,50000,0
0.99861,exhaustive_weighted,187,1.0,10.024958,50000,50000,0
0.99861,exhaustive_weighted,188,1.0,10.246458,50000,50000,0
0.99861,exhaustive_weighted,189,1.0,9.920083,50000,50000,0
0.99861,exhaustive_weighted,190,1.0,10.184167,50000,50000,0
0.99861,exhaustive_weighted,191,1.0,9.889667,50000,50000,0
0.99861,exhaustive_weighted,192,1.0,9.304959,50000,50000,0
0.99861,exhaustive_weighted,193,1.0,10.109708,50000,50000,0
0.99861,exhaustive_weighted,194,1.0,10.249625,50000,50000,0
0.99861,exhaustive_weighted,195,1.0,10.141834,50000,50000,0
0.99861,exhaustive_weighted,196,1.0,10.177333,50000,50000,0
0.99861,exhaustive_weighted,197,1.0,9.868125,50000,50000,0
0.99861,exhaustive_weighted,198,1.0,10.097875,50000,50000,0
0.99861,exhaustive_weighted,199,1.0,9.717166,50000,50000,0
0.99861,certified_scan,0,1.0,0.707541,608,608,0
0.99861,certified_scan,1,1.0,1.032958,1088,1088,0
0.99861,certified_scan,2,1.0,0.468208,448,448,0
0.99861,certified_scan,3,1.0,0.779333,832,832,0
0.99861,certified_scan,4,1.0,1.253917,1280,1280,0
0.99861,certified_scan,5,1.0,1.2625,1344,1344,0
0.99861,certified_scan,6,1.0,1.838459,2080,2080,0
0.99861,certified_scan,7,1.0,0.604,512,512,0
0.99861,certified_scan,8,1.0,0.753666,704,704,0
0.99861,certified_scan,9,1.0,0.7715,736,736,0
0.99861,certified_scan,10,1.0,0.43125,416,416,0
0.99861,certified_scan,11,1.0,0.469584,448,448,0
0.99861,certified_scan,12,1.0,0.456292,416,416,0
0.99861,certified_scan,13,1.0,0.804666,576,576,0
0.99861,certified_scan,14,1.0,0.836041,640,640,0
0.99861,certified_scan,15,1.0,0.615166,512,512,0
0.99861,certified_scan,16,1.0,1.957917,2080,2080,0
0.99861,certified_scan,17,1.0,0.5195,512,512,0
0.99861,certified_scan,18,1.0,0.405458,352,352,0
0.99861,certified_scan,19,1.0,0.855083,832,832,0
0.99861,certified_scan,20,1.0,0.380208,288,288,0
0.99861,certified_scan,21,1.0,1.057875,1088,1088,0
0.99861,certified_scan,22,1.0,0.686375,672,672,0
0.99861,certified_scan,23,1.0,0.476833,448,448,0
0.99861,certified_scan,24,1.0,0.466625,448,448,0
0.99861,certified_scan,25,1.0,0.839042,960,960,0
0.99861,certified_scan,26,1.0,0.694125,704,704,0
0.99861,certified_scan,27,1.0,0.571833,576,576,0
0.99861,certified_scan,28,1.0,0.474916,448,448,0
0.99861,certified_scan,29,1.0,0.550667,608,608,0
0.99861,certified_scan,30,1.0,1.670833,1920,1920,0
0.99861,certified_scan,31,1.0,0.709541,704,704,0
0.99861,certified_scan,32,1.0,0.384167,352,352,0
0.99861,certified_scan,33,1.0,0.699083,800,800,0
0.99861,certified_scan,34,1.0,0.733083,800,800,0
0.99861,certified_scan,35,1.0,0.780292,864,864,0
0.99861,certified_scan,36,1.0,1.081833,1280,1280,0
0.99861,certified_scan,37,1.0,0.712208,672,672,0
0.99861,certified_scan,38,1.0,1.71125,2048,2048,0
0.99861,certified_scan,39,1.0,0.727,704,704,0
0.99861,certified_scan,40,1.0,0.834375,736,736,0
0.99861,certified_scan,41,1.0,0.68675,544,544,0
0.99861,certified_scan,42,1.0,1.191917,1152,1152,0
0.99861,certified_scan,43,1.0,0.537917,448,448,0
0.99861,certified_scan,44,1.0,0.456792,416,416,0
0.99861,certified_scan,45,1.0,0.797166,768,768,0
0.99861,certified_scan,46,1.0,0.361834,288,288,0
0.99861,certified_scan,47,1.0,1.940542,2080,2080,0
0.99861,certified_scan,48,1.0,0.670584,608,608,0
0.99861,certified_scan,49,1.0,0.575834,512,512,0
0.99861,certified_scan,50,1.0,0.9155,928,928,0
0.99861,certified_scan,51,1.0,2.027917,2080,2080,0
0.99861,certified_scan,52,1.0,0.409584,320,320,0
0.99861,certified_scan,53,1.0,0.478083,448,448,0
0.99861,certified_scan,54,1.0,0.515458,512,512,0
0.99861,certified_scan,55,1.0,0.419834,384,384,0
0.99861,certified_scan,56,1.0,1.1945,1184,1184,0
0.99861,certified_scan,57,1.0,1.185375,1056,1056,0
0.99861,certified_scan,58,1.0,1.131,1184,1184,0
0.99861,certified_scan,59,1.0,1.068708,992,992,0
0.99861,certified_scan,60,1.0,1.623542,1600,1600,0
0.99861,certified_scan,61,1.0,0.628625,608,608,0
0.99861,certified_scan,62,1.0,0.53825,576,576,0
0.99861,certified_scan,63,1.0,0.996833,928,928,0
0.99861,certified_scan,64,1.0,0.541333,416,416,0
0.99861,certified_scan,65,1.0,1.105125,1152,1152,0
0.99861,certified_scan,66,1.0,0.593791,512,512,0
0.99861,certified_scan,67,1.0,0.418666,352,352,0
0.99861,certified_scan,68,1.0,0.352916,320,320,0
0.99861,certified_scan,69,1.0,0.83125,896,896,0
0.99861,certified_scan,70,1.0,0.850083,832,832,0
0.99861,certified_scan,71,1.0,0.697458,672,672,0
0.99861,certified_scan,72,1.0,0.646459,608,608,0
0.99861,certified_scan,73,1.0,0.415458,384,384,0
0.99861,certified_scan,74,1.0,0.570709,672,672,0
0.99861,certified_scan,75,1.0,1.011333,1056,1056,0
0.99861,certified_scan,76,1.0,1.232209,832,832,0
0.99861,certified_scan,77,1.0,0.79725,832,832,0
0.99861,certified_scan,78,1.0,0.95525,960,960,0
0.99861,certified_scan,79,1.0,0.764791,576,576,0
0.99861,certified_scan,80,1.0,1.205125,928,928,0
0.99861,certified_scan,81,1.0,0.661458,576,576,0
0.99861,certified_scan,82,1.0,0.401791,352,352,0
0.99861,certified_scan,83,1.0,0.313791,320,320,0
0.99861,certified_scan,84,1.0,0.654459,672,672,0
0.99861,certified_scan,85,1.0,0.640167,608,608,0
0.99861,certified_scan,86,1.0,0.481375,512,512,0
0.99861,certified_scan,87,1.0,0.35125,320,320,0
0.99861,certified_scan,88,1.0,0.526125,576,576,0
0.99861,certified_scan,89,1.0,0.362,320,320,0
0.99861,certified_scan,90,1.0,0.826166,960,960,0
0.99861,certified_scan,91,1.0,0.72625,672,672,0
0.99861,certified_scan,92,1.0,0.8625,960,960,0
0.99861,certified_scan,93,1.0,0.590334,576,576,0
0.99861,certified_scan,94,1.0,0.424375,352,352,0
0.99861,certified_scan,95,1.0,0.831416,992,992,0
0.99861,certified_scan,96,1.0,0.644375,576,576,0
0.99861,certified_scan,97,1.0,0.55225,544,544,0
0.99861,certified_scan,98,1.0,1.85525,1664,1664,0
0.99861,certified_scan,99,1.0,0.622,448,448,0
0.99861,certified_scan,100,1.0,0.40775,416,416,0
0.99861,certified_scan,101,1.0,1.118,960,960,0
0.99861,certified_scan,102,1.0,0.95475,864,864,0
0.99861,certified_scan,103,1.0,1.247625,992,992,0
0.99861,certified_scan,104,1.0,0.987666,576,576,0
0.99861,certified_scan,105,1.0,0.929375,896,896,0
0.99861,certified_scan,106,1.0,0.696167,576,576,0
0.99861,certified_scan,107,1.0,0.472416,448,448,0
0.99861,certified_scan,108,1.0,0.498458,544,544,0
0.99861,certified_scan,109,1.0,0.443208,384,384,0
0.99861,certified_scan,110,1.0,0.628875,672,672,0
0.99861,certified_scan,111,1.0,0.478584,416,416,0
0.99861,certified_scan,112,1.0,0.972208,1024,1024,0
0.99861,certified_scan,113,1.0,2.82475,2240,2240,0
0.99861,certified_scan,114,1.0,0.649333,448,448,0
0.99861,certified_scan,115,1.0,0.406791,384,384,0
0.99861,certified_scan,116,1.0,0.495125,480,480,0
0.99861,certified_scan,117,1.0,0.467833,448,448,0
0.99861,certified_scan,118,1.0,0.378583,320,320,0
0.99861,certified_scan,119,1.0,0.455,416,416,0
0.99861,certified_scan,120,1.0,0.643166,640,640,0
0.99861,certified_scan,121,1.0,0.454709,448,448,0
0.99861,certified_scan,122,1.0,0.961166,928,928,0
0.99861,certified_scan,123,1.0,1.04125,832,832,0
0.99861,certified_scan,124,1.0,0.843375,416,416,0
0.99861,certified_scan,125,1.0,0.55725,352,352,0
0.99861,certified_scan,126,1.0,0.786958,672,672,0
0.99861,certified_scan,127,1.0,2.48,2240,2240,0
0.99861,certified_scan,128,1.0,0.664833,448,448,0
0.99861,certified_scan,129,1.0,0.623833,640,640,0
0.99861,certified_scan,130,1.0,0.608333,672,672,0
0.99861,certified_scan,131,1.0,0.571166,544,544,0
0.99861,certified_scan,132,1.0,0.622917,672,672,0
0.99861,certified_scan,133,1.0,0.535708,576,576,0
0.99861,certified_scan,134,1.0,0.388958,320,320,0
0.99861,certified_scan,135,1.0,0.486958,512,512,0
0.99861,certified_scan,136,1.0,0.393417,352,352,0
0.99861,certified_scan,137,1.0,1.253667,1184,1184,0
0.99861,certified_scan,138,1.0,1.149125,832,832,0
0.99861,certified_scan,139,1.0,0.532958,448,448,0
0.99861,certified_scan,140,1.0,0.773834,896,896,0
0.99861,certified_scan,141,1.0,0.956458,800,800,0
0.99861,certified_scan,142,1.0,1.42,1184,1184,0
0.99861,certified_scan,143,1.0,1.82225,1184,1184,0
0.99861,certified_scan,144,1.0,1.343958,992,992,0
0.99861,certified_scan,145,1.0,0.542916,416,416,0
0.99861,certified_scan,146,1.0,1.563542,1568,1568,0
0.99861,certified_scan,147,1.0,1.192084,1120,1120,0
0.99861,certified_scan,148,1.0,0.614792,448,448,0
0.99861,certified_scan,149,1.0,0.692,672,672,0
0.99861,certified_scan,150,1.0,1.452292,1280,1280,0
0.99861,certified_scan,151,1.0,1.022792,736,736,0
0.99861,certified_scan,152,1.0,0.672333,672,672,0
0.99861,certified_scan,153,1.0,0.433334,352,352,0
0.99861,certified_scan,154,1.0,0.467833,416,416,0
0.99861,certified_scan,155,1.0,0.434583,384,384,0
0.99861,certified_scan,156,1.0,0.802958,832,832,0
0.99861,certified_scan,157,1.0,0.456459,320,320,0
0.99861,certified_scan,158,1.0,0.86225,896,896,0
0.99861,certified_scan,159,1.0,0.436709,320,320,0
0.99861,certified_scan,160,1.0,1.151583,1184,1184,0
0.99861,certified_scan,161,1.0,1.265834,832,832,0
0.99861,certified_scan,162,1.0,0.936875,896,896,0
0.99861,certified_scan,163,1.0,0.722542,512,512,0
0.99861,certified_scan,164,1.0,0.893125,544,544,0
0.99861,certified_scan,165,1.0,0.600292,512,512,0
0.99861,certified_scan,166,1.0,1.010208,1056,1056,0
0.99861,certified_scan,167,1.0,1.696542,1600,1600,0
0.99861,certified_scan,168,1.0,0.417542,288,288,0
0.99861,certified_scan,169,1.0,0.489834,448,448,0
0.99861,certified_scan,170,1.0,0.545292,512,512,0
0.99861,certified_scan,171,1.0,0.431708,512,512,0
0.99861,certified_scan,172,1.0,1.6695,1664,1664,0
0.99861,certified_scan,173,1.0,0.964167,928,928,0
0.99861,certified_scan,174,1.0,0.528167,416,416,0
0.99861,certified_scan,175,1.0,0.623375,576,576,0
0.99861,certified_scan,176,1.0,0.518625,512,512,0
0.99861,certified_scan,177,1.0,2.581167,2240,2240,0
0.99861,certified_scan,178,1.0,0.641375,576,576,0
0.99861,certified_scan,179,1.0,0.736125,736,736,0
0.99861,certified_scan,180,1.0,1.047667,1056,1056,0
0.99861,certified_scan,181,1.0,0.554167,480,480,0
0.99861,certified_scan,182,1.0,0.957542,640,640,0
0.99861,certified_scan,183,1.0,0.606,512,512,0
0.99861,certified_scan,184,1.0,0.450083,416,416,0
0.99861,certified_scan,185,1.0,0.985291,1056,1056,0
0.99861,certified_scan,186,1.0,0.68825,608,608,0
0.99861,certified_scan,187,1.0,1.917041,2048,2048,0
0.99861,certified_scan,188,1.0,0.62925,512,512,0
0.99861,certified_scan,189,1.0,0.392042,320,320,0
0.99861,certified_scan,190,1.0,0.90275,960,960,0
0.99861,certified_scan,191,1.0,0.69325,576,576,0
0.99861,certified_scan,192,1.0,0.977042,1056,1056,0
0.99861,certified_scan,193,1.0,0.511,384,384,0
0.99861,certified_scan,194,1.0,0.528125,480,480,0
0.99861,certified_scan,195,1.0,1.126333,1120,1120,0
0.99861,certified_scan,196,1.0,1.5515,1408,1408,0
0.99861,certified_scan,197,1.0,0.562667,416,416,0
0.99861,certified_scan,198,1.0,1.133041,992,992,0
0.99861,certified_scan,199,1.0,0.838417,768,768,0
0.99861,ordinary_hnsw,0,0.0,7.707292,50000,100,1
0.99861,ordinary_hnsw,1,0.2,7.144542,50000,100,1
0.99861,ordinary_hnsw,2,0.2,7.639833,50000,100,1
0.99861,ordinary_hnsw,3,0.0,8.661208,50000,100,1
0.99861,ordinary_hnsw,4,0.2,7.623291,50000,100,1
0.99861,ordinary_hnsw,5,0.8,7.2895,50000,100,1
0.99861,ordinary_hnsw,6,0.2,7.847375,50000,100,1
0.99861,ordinary_hnsw,7,0.0,8.516291,50000,100,1
0.99861,ordinary_hnsw,8,0.2,8.049792,50000,100,1
0.99861,ordinary_hnsw,9,0.0,7.6205,50000,100,1
0.99861,ordinary_hnsw,10,0.4,7.775334,50000,100,1
0.99861,ordinary_hnsw,11,0.4,7.533375,50000,100,1
0.99861,ordinary_hnsw,12,0.4,7.751375,50000,100,1
0.99861,ordinary_hnsw,13,0.0,8.028167,50000,100,1
0.99861,ordinary_hnsw,14,0.4,8.509583,50000,100,1
0.99861,ordinary_hnsw,15,0.2,7.997292,50000,100,1
0.99861,ordinary_hnsw,16,0.2,7.67475,50000,100,1
0.99861,ordinary_hnsw,17,0.6,8.811291,50000,100,1
0.99861,ordinary_hnsw,18,0.0,8.791125,50000,100,1
0.99861,ordinary_hnsw,19,0.0,8.070083,50000,100,1
0.99861,ordinary_hnsw,20,0.2,8.021292,50000,100,1
0.99861,ordinary_hnsw,21,0.2,8.292334,50000,100,1
0.99861,ordinary_hnsw,22,0.6,7.953375,50000,100,1
0.99861,ordinary_hnsw,23,0.6,7.641417,50000,100,1
0.99861,ordinary_hnsw,24,0.4,8.262042,50000,100,1
0.99861,ordinary_hnsw,25,0.6,8.273458,50000,100,1
0.99861,ordinary_hnsw,26,0.2,7.663917,50000,100,1
0.99861,ordinary_hnsw,27,0.2,7.118917,50000,100,1
0.99861,ordinary_hnsw,28,0.4,8.745166,50000,100,1
0.99861,ordinary_hnsw,29,0.0,7.537,50000,100,1
0.99861,ordinary_hnsw,30,1.0,7.892416,50000,100,1
0.99861,ordinary_hnsw,31,0.0,7.3855,50000,100,1
0.99861,ordinary_hnsw,32,0.2,8.74975,50000,100,1
0.99861,ordinary_hnsw,33,0.2,7.574125,50000,100,1
0.99861,ordinary_hnsw,34,0.2,7.751958,50000,100,1
0.99861,ordinary_hnsw,35,0.2,7.698417,50000,100,1
0.99861,ordinary_hnsw,36,0.6,8.413458,50000,100,1
0.99861,ordinary_hnsw,37,0.2,8.661334,50000,100,1
0.99861,ordinary_hnsw,38,0.0,8.605209,50000,100,1
0.99861,ordinary_hnsw,39,0.2,8.223917,50000,100,1
0.99861,ordinary_hnsw,40,0.2,8.55125,50000,100,1
0.99861,ordinary_hnsw,41,0.2,8.610625,50000,100,1
0.99861,ordinary_hnsw,42,0.2,7.808625,50000,100,1
0.99861,ordinary_hnsw,43,0.2,7.572125,50000,100,1
0.99861,ordinary_hnsw,44,0.0,8.672083,50000,100,1
0.99861,ordinary_hnsw,45,0.8,8.456792,50000,100,1
0.99861,ordinary_hnsw,46,0.4,8.258625,50000,100,1
0.99861,ordinary_hnsw,47,0.2,8.3115,50000,100,1
0.99861,ordinary_hnsw,48,0.0,8.367875,50000,100,1
0.99861,ordinary_hnsw,49,0.4,7.845167,50000,100,1
0.99861,ordinary_hnsw,50,0.2,7.487542,50000,100,1
0.99861,ordinary_hnsw,51,0.4,7.707083,50000,100,1
0.99861,ordinary_hnsw,52,0.4,7.687459,50000,100,1
0.99861,ordinary_hnsw,53,0.0,7.725458,50000,100,1
0.99861,ordinary_hnsw,54,0.2,9.750583,50000,100,1
0.99861,ordinary_hnsw,55,0.0,8.549958,50000,100,1
0.99861,ordinary_hnsw,56,0.4,8.533542,50000,100,1
0.99861,ordinary_hnsw,57,0.4,7.840208,50000,100,1
0.99861,ordinary_hnsw,58,0.2,8.670625,50000,100,1
0.99861,ordinary_hnsw,59,0.4,8.052375,50000,100,1
0.99861,ordinary_hnsw,60,0.2,7.3895,50000,100,1
0.99861,ordinary_hnsw,61,0.4,8.52225,50000,100,1
0.99861,ordinary_hnsw,62,0.2,7.817083,50000,100,1
0.99861,ordinary_hnsw,63,0.2,7.588875,50000,100,1
0.99861,ordinary_hnsw,64,0.4,6.628834,50000,100,1
0.99861,ordinary_hnsw,65,0.2,7.989791,50000,100,1
0.99861,ordinary_hnsw,66,0.0,8.119208,50000,100,1
0.99861,ordinary_hnsw,67,0.0,7.505291,50000,100,1
0.99861,ordinary_hnsw,68,0.4,8.823416,50000,100,1
0.99861,ordinary_hnsw,69,0.2,7.688084,50000,100,1
0.99861,ordinary_hnsw,70,0.0,7.348083,50000,100,1
0.99861,ordinary_hnsw,71,0.0,7.960708,50000,100,1
0.99861,ordinary_hnsw,72,0.0,7.785458,50000,100,1
0.99861,ordinary_hnsw,73,0.0,7.531209,50000,100,1
0.99861,ordinary_hnsw,74,0.4,6.918875,50000,100,1
0.99861,ordinary_hnsw,75,0.2,8.395417,50000,100,1
0.99861,ordinary_hnsw,76,0.0,7.886916,50000,100,1
0.99861,ordinary_hnsw,77,0.4,6.785042,50000,100,1
0.99861,ordinary_hnsw,78,0.2,7.381959,50000,100,1
0.99861,ordinary_hnsw,79,0.0,7.721125,50000,100,1
0.99861,ordinary_hnsw,80,0.2,7.226208,50000,100,1
0.99861,ordinary_hnsw,81,0.2,6.695792,50000,100,1
0.99861,ordinary_hnsw,82,0.2,8.6715,50000,100,1
0.99861,ordinary_hnsw,83,0.2,7.665458,50000,100,1
0.99861,ordinary_hnsw,84,0.2,8.627208,50000,100,1
0.99861,ordinary_hnsw,85,0.0,7.404375,50000,100,1
0.99861,ordinary_hnsw,86,0.2,7.674125,50000,100,1
0.99861,ordinary_hnsw,87,0.4,7.964917,50000,100,1
0.99861,ordinary_hnsw,88,0.0,7.059333,50000,100,1
0.99861,ordinary_hnsw,89,0.0,9.031125,50000,100,1
0.99861,ordinary_hnsw,90,0.0,7.643541,50000,100,1
0.99861,ordinary_hnsw,91,0.4,8.005541,50000,100,1
0.99861,ordinary_hnsw,92,0.2,7.823,50000,100,1
0.99861,ordinary_hnsw,93,0.6,7.717125,50000,100,1
0.99861,ordinary_hnsw,94,0.2,7.686291,50000,100,1
0.99861,ordinary_hnsw,95,0.0,8.148542,50000,100,1
0.99861,ordinary_hnsw,96,0.4,7.712666,50000,100,1
0.99861,ordinary_hnsw,97,0.0,7.843375,50000,100,1
0.99861,ordinary_hnsw,98,0.2,7.278583,50000,100,1
0.99861,ordinary_hnsw,99,0.6,8.343917,50000,100,1
0.99861,ordinary_hnsw,100,0.2,7.794792,50000,100,1
0.99861,ordinary_hnsw,101,0.2,7.714125,50000,100,1
0.99861,ordinary_hnsw,102,0.0,7.955917,50000,100,1
0.99861,ordinary_hnsw,103,0.2,7.343666,50000,100,1
0.99861,ordinary_hnsw,104,0.0,8.136292,50000,100,1
0.99861,ordinary_hnsw,105,0.4,7.491334,50000,100,1
0.99861,ordinary_hnsw,106,0.0,8.188708,50000,100,1
0.99861,ordinary_hnsw,107,0.2,8.29025,50000,100,1
0.99861,ordinary_hnsw,108,0.0,7.371292,50000,100,1
0.99861,ordinary_hnsw,109,0.2,8.254166,50000,100,1
0.99861,ordinary_hnsw,110,0.6,7.523875,50000,100,1
0.99861,ordinary_hnsw,111,0.0,7.929666,50000,100,1
0.99861,ordinary_hnsw,112,0.2,7.173458,50000,100,1
0.99861,ordinary_hnsw,113,0.2,7.179375,50000,100,1
0.99861,ordinary_hnsw,114,0.0,7.578708,50000,100,1
0.99861,ordinary_hnsw,115,0.0,7.153291,50000,100,1
0.99861,ordinary_hnsw,116,0.0,8.492167,50000,100,1
0.99861,ordinary_hnsw,117,0.2,7.352041,50000,100,1
0.99861,ordinary_hnsw,118,0.2,7.050417,50000,100,1
0.99861,ordinary_hnsw,119,0.2,7.561167,50000,100,1
0.99861,ordinary_hnsw,120,0.0,5.945167,50000,100,1
0.99861,ordinary_hnsw,121,0.0,6.3865,50000,100,1
0.99861,ordinary_hnsw,122,0.4,6.168041,50000,100,1
0.99861,ordinary_hnsw,123,0.2,7.003,50000,100,1
0.99861,ordinary_hnsw,124,0.2,6.455375,50000,100,1
0.99861,ordinary_hnsw,125,0.4,7.484583,50000,100,1
0.99861,ordinary_hnsw,126,0.4,6.911125,50000,100,1
0.99861,ordinary_hnsw,127,0.2,7.435208,50000,100,1
0.99861,ordinary_hnsw,128,0.4,7.399084,50000,100,1
0.99861,ordinary_hnsw,129,0.0,6.11675,50000,100,1
0.99861,ordinary_hnsw,130,0.2,6.724917,50000,100,1
0.99861,ordinary_hnsw,131,0.0,6.523291,50000,100,1
0.99861,ordinary_hnsw,132,0.2,6.692917,50000,100,1
0.99861,ordinary_hnsw,133,0.2,6.694625,50000,100,1
0.99861,ordinary_hnsw,134,0.2,6.691584,50000,100,1
0.99861,ordinary_hnsw,135,0.2,6.521292,50000,100,1
0.99861,ordinary_hnsw,136,0.2,7.046,50000,100,1
0.99861,ordinary_hnsw,137,0.4,6.860125,50000,100,1
0.99861,ordinary_hnsw,138,0.2,7.68525,50000,100,1
0.99861,ordinary_hnsw,139,0.6,8.060875,50000,100,1
0.99861,ordinary_hnsw,140,0.0,6.747667,50000,100,1
0.99861,ordinary_hnsw,141,0.0,7.626875,50000,100,1
0.99861,ordinary_hnsw,142,0.4,7.612958,50000,100,1
0.99861,ordinary_hnsw,143,0.4,7.463708,50000,100,1
0.99861,ordinary_hnsw,144,0.0,6.752958,50000,100,1
0.99861,ordinary_hnsw,145,0.2,8.403208,50000,100,1
0.99861,ordinary_hnsw,146,0.2,7.571041,50000,100,1
0.99861,ordinary_hnsw,147,0.6,8.179542,50000,100,1
0.99861,ordinary_hnsw,148,0.0,7.639166,50000,100,1
0.99861,ordinary_hnsw,149,0.2,7.724584,50000,100,1
0.99861,ordinary_hnsw,150,0.2,7.245292,50000,100,1
0.99861,ordinary_hnsw,151,0.2,8.839708,50000,100,1
0.99861,ordinary_hnsw,152,0.0,6.9525,50000,100,1
0.99861,ordinary_hnsw,153,0.4,7.507083,50000,100,1
0.99861,ordinary_hnsw,154,0.2,8.37275,50000,100,1
0.99861,ordinary_hnsw,155,0.4,7.437708,50000,100,1
0.99861,ordinary_hnsw,156,0.0,8.049458,50000,100,1
0.99861,ordinary_hnsw,157,0.4,7.710167,50000,100,1
0.99861,ordinary_hnsw,158,0.2,7.407125,50000,100,1
0.99861,ordinary_hnsw,159,0.2,8.026833,50000,100,1
0.99861,ordinary_hnsw,160,0.0,7.541459,50000,100,1
0.99861,ordinary_hnsw,161,0.0,7.370292,50000,100,1
0.99861,ordinary_hnsw,162,0.4,7.66075,50000,100,1
0.99861,ordinary_hnsw,163,0.0,6.931667,50000,100,1
0.99861,ordinary_hnsw,164,0.2,7.905125,50000,100,1
0.99861,ordinary_hnsw,165,0.2,7.586625,50000,100,1
0.99861,ordinary_hnsw,166,0.2,7.181125,50000,100,1
0.99861,ordinary_hnsw,167,0.2,7.095584,50000,100,1
0.99861,ordinary_hnsw,168,0.2,7.599166,50000,100,1
0.99861,ordinary_hnsw,169,0.0,7.5365,50000,100,1
0.99861,ordinary_hnsw,170,0.0,11.430667,50000,100,1
0.99861,ordinary_hnsw,171,0.6,7.498834,50000,100,1
0.99861,ordinary_hnsw,172,0.2,7.804208,50000,100,1
0.99861,ordinary_hnsw,173,0.2,7.509459,50000,100,1
0.99861,ordinary_hnsw,174,0.4,7.551542,50000,100,1
0.99861,ordinary_hnsw,175,0.2,7.694583,50000,100,1
0.99861,ordinary_hnsw,176,0.2,7.832875,50000,100,1
0.99861,ordinary_hnsw,177,0.2,7.205875,50000,100,1
0.99861,ordinary_hnsw,178,0.2,7.335417,50000,100,1
0.99861,ordinary_hnsw,179,0.4,7.839625,50000,100,1
0.99861,ordinary_hnsw,180,0.2,7.032042,50000,100,1
0.99861,ordinary_hnsw,181,0.2,6.846625,50000,100,1
0.99861,ordinary_hnsw,182,0.4,7.312,50000,100,1
0.99861,ordinary_hnsw,183,0.4,7.414,50000,100,1
0.99861,ordinary_hnsw,184,0.6,8.217041,50000,100,1
0.99861,ordinary_hnsw,185,0.0,7.056875,50000,100,1
0.99861,ordinary_hnsw,186,0.0,8.036959,50000,100,1
0.99861,ordinary_hnsw,187,0.0,6.74325,50000,100,1
0.99861,ordinary_hnsw,188,0.4,7.537375,50000,100,1
0.99861,ordinary_hnsw,189,0.0,8.359583,50000,100,1
0.99861,ordinary_hnsw,190,0.6,7.463625,50000,100,1
0.99861,ordinary_hnsw,191,0.2,7.738625,50000,100,1
0.99861,ordinary_hnsw,192,0.0,7.589334,50000,100,1
0.99861,ordinary_hnsw,193,0.6,7.088875,50000,100,1
0.99861,ordinary_hnsw,194,0.4,6.864208,50000,100,1
0.99861,ordinary_hnsw,195,0.4,7.231625,50000,100,1
0.99861,ordinary_hnsw,196,0.2,7.270916,50000,100,1
0.99861,ordinary_hnsw,197,0.0,8.408917,50000,100,1
0.99861,ordinary_hnsw,198,0.6,7.43,50000,100,1
0.99861,ordinary_hnsw,199,0.0,7.469583,50000,100,1
0.99861,fixed_recency,0,1.0,3.648041,500,6,1
0.99861,fixed_recency,1,0.4,2.855417,500,2,1
0.99861,fixed_recency,2,1.0,3.164291,500,7,1
0.99861,fixed_recency,3,0.8,2.748834,500,4,1
0.99861,fixed_recency,4,0.6,3.101167,500,3,1
0.99861,fixed_recency,5,0.4,2.977792,500,2,1
0.99861,fixed_recency,6,0.2,3.026209,500,1,1
0.99861,fixed_recency,7,1.0,2.979916,500,10,1
0.99861,fixed_recency,8,0.8,2.960625,500,4,1
0.99861,fixed_recency,9,0.8,2.700166,500,4,1
0.99861,fixed_recency,10,1.0,3.534833,500,9,1
0.99861,fixed_recency,11,1.0,3.641,500,8,1
0.99861,fixed_recency,12,1.0,3.181292,500,8,1
0.99861,fixed_recency,13,1.0,3.109209,500,5,1
0.99861,fixed_recency,14,0.8,2.7525,500,5,1
0.99861,fixed_recency,15,1.0,2.919916,500,9,1
0.99861,fixed_recency,16,0.2,3.350458,500,1,1
0.99861,fixed_recency,17,1.0,3.246208,500,6,1
0.99861,fixed_recency,18,1.0,3.102875,500,9,1
0.99861,fixed_recency,19,0.8,2.962334,500,4,1
0.99861,fixed_recency,20,1.0,3.387583,500,11,1
0.99861,fixed_recency,21,0.6,2.812041,500,3,1
0.99861,fixed_recency,22,0.8,3.2365,500,4,1
0.99861,fixed_recency,23,1.0,3.201334,500,8,1
0.99861,fixed_recency,24,1.0,2.958167,500,6,1
0.99861,fixed_recency,25,0.4,3.390875,500,2,1
0.99861,fixed_recency,26,0.8,3.00125,500,4,1
0.99861,fixed_recency,27,1.0,3.346,500,5,1
0.99861,fixed_recency,28,1.0,3.302209,500,8,1
0.99861,fixed_recency,29,1.0,2.830291,500,5,1
0.99861,fixed_recency,30,0.4,3.151708,500,2,1
0.99861,fixed_recency,31,1.0,2.941416,500,5,1
0.99861,fixed_recency,32,1.0,3.060167,500,7,1
0.99861,fixed_recency,33,0.4,3.49325,500,2,1
0.99861,fixed_recency,34,0.8,2.919833,500,4,1
0.99861,fixed_recency,35,0.4,3.178125,500,2,1
0.99861,fixed_recency,36,0.0,2.945917,500,0,1
0.99861,fixed_recency,37,1.0,3.000292,500,5,1
0.99861,fixed_recency,38,0.2,3.212083,500,1,1
0.99861,fixed_recency,39,0.8,3.039833,500,4,1
0.99861,fixed_recency,40,0.6,2.880833,500,3,1
0.99861,fixed_recency,41,1.0,3.249208,500,6,1
0.99861,fixed_recency,42,0.6,2.860042,500,3,1
0.99861,fixed_recency,43,1.0,3.445458,500,8,1
0.99861,fixed_recency,44,1.0,3.425833,500,6,1
0.99861,fixed_recency,45,0.8,2.796042,500,4,1
0.99861,fixed_recency,46,1.0,3.246833,500,8,1
0.99861,fixed_recency,47,0.2,2.97375,500,1,1
0.99861,fixed_recency,48,1.0,3.323167,500,5,1
0.99861,fixed_recency,49,1.0,3.400084,500,6,1
0.99861,fixed_recency,50,0.4,2.8395,500,2,1
0.99861,fixed_recency,51,0.2,3.129708,500,1,1
0.99861,fixed_recency,52,1.0,3.311291,500,7,1
0.99861,fixed_recency,53,1.0,3.067667,500,9,1
0.99861,fixed_recency,54,1.0,3.367125,500,5,1
0.99861,fixed_recency,55,1.0,3.113917,500,7,1
0.99861,fixed_recency,56,0.8,3.018292,500,4,1
0.99861,fixed_recency,57,0.6,3.383417,500,3,1
0.99861,fixed_recency,58,0.4,2.88175,500,2,1
0.99861,fixed_recency,59,0.4,3.34,500,2,1
0.99861,fixed_recency,60,0.2,2.985084,500,1,1
0.99861,fixed_recency,61,1.0,2.965125,500,5,1
0.99861,fixed_recency,62,1.0,3.267291,500,5,1
0.99861,fixed_recency,63,0.4,2.86175,500,2,1
0.99861,fixed_recency,64,1.0,3.394625,500,6,1
0.99861,fixed_recency,65,0.6,3.264292,500,3,1
0.99861,fixed_recency,66,1.0,3.10275,500,9,1
0.99861,fixed_recency,67,1.0,3.268542,500,15,1
0.99861,fixed_recency,68,1.0,3.032167,500,7,1
0.99861,fixed_recency,69,0.4,3.261166,500,2,1
0.99861,fixed_recency,70,0.8,3.302458,500,4,1
0.99861,fixed_recency,71,1.0,2.809208,500,5,1
0.99861,fixed_recency,72,1.0,3.160708,500,8,1
0.99861,fixed_recency,73,1.0,3.120875,500,10,1
0.99861,fixed_recency,74,0.8,2.86625,500,4,1
0.99861,fixed_recency,75,0.4,3.488542,500,2,1
0.99861,fixed_recency,76,0.8,2.965667,500,4,1
0.99861,fixed_recency,77,0.4,2.990958,500,2,1
0.99861,fixed_recency,78,0.4,2.796084,500,2,1
0.99861,fixed_recency,79,1.0,2.869583,500,8,1
0.99861,fixed_recency,80,0.6,3.164916,500,3,1
0.99861,fixed_recency,81,1.0,3.204291,500,7,1
0.99861,fixed_recency,82,1.0,3.051458,500,7,1
0.99861,fixed_recency,83,1.0,2.99975,500,8,1
0.99861,fixed_recency,84,1.0,2.894834,500,5,1
0.99861,fixed_recency,85,1.0,2.930625,500,5,1
0.99861,fixed_recency,86,1.0,3.431875,500,6,1
0.99861,fixed_recency,87,1.0,2.918834,500,7,1
0.99861,fixed_recency,88,1.0,3.089375,500,5,1
0.99861,fixed_recency,89,1.0,3.024,500,10,1
0.99861,fixed_recency,90,0.4,2.796833,500,2,1
0.99861,fixed_recency,91,1.0,4.16125,500,5,1
0.99861,fixed_recency,92,0.4,3.105541,500,2,1
0.99861,fixed_recency,93,1.0,3.137625,500,6,1
0.99861,fixed_recency,94,1.0,3.233,500,16,1
0.99861,fixed_recency,95,0.2,2.7555,500,1,1
0.99861,fixed_recency,96,1.0,3.257334,500,7,1
0.99861,fixed_recency,97,1.0,3.600792,500,6,1
0.99861,fixed_recency,98,0.4,3.004084,500,2,1
0.99861,fixed_recency,99,1.0,3.080333,500,8,1
0.99861,fixed_recency,100,1.0,2.973,500,6,1
0.99861,fixed_recency,101,0.4,2.913167,500,2,1
0.99861,fixed_recency,102,0.4,4.053542,500,2,1
0.99861,fixed_recency,103,0.4,3.011209,500,2,1
0.99861,fixed_recency,104,1.0,3.422791,500,12,1
0.99861,fixed_recency,105,0.6,3.033667,500,3,1
0.99861,fixed_recency,106,1.0,3.288208,500,6,1
0.99861,fixed_recency,107,1.0,3.490583,500,9,1
0.99861,fixed_recency,108,1.0,2.862625,500,5,1
0.99861,fixed_recency,109,1.0,3.321208,500,14,1
0.99861,fixed_recency,110,1.0,3.247625,500,8,1
0.99861,fixed_recency,111,1.0,2.943042,500,9,1
0.99861,fixed_recency,112,0.6,3.259583,500,3,1
0.99861,fixed_recency,113,0.4,2.77075,500,2,1
0.99861,fixed_recency,114,1.0,3.037958,500,8,1
0.99861,fixed_recency,115,1.0,3.056166,500,10,1
0.99861,fixed_recency,116,1.0,3.003625,500,11,1
0.99861,fixed_recency,117,1.0,3.229375,500,8,1
0.99861,fixed_recency,118,1.0,3.045958,500,7,1
0.99861,fixed_recency,119,1.0,2.969375,500,9,1
0.99861,fixed_recency,120,1.0,2.839416,500,5,1
0.99861,fixed_recency,121,1.0,2.919125,500,8,1
0.99861,fixed_recency,122,0.4,2.796542,500,2,1
0.99861,fixed_recency,123,0.8,3.380917,500,4,1
0.99861,fixed_recency,124,1.0,2.886292,500,5,1
0.99861,fixed_recency,125,1.0,3.136792,500,9,1
0.99861,fixed_recency,126,0.8,2.793583,500,4,1
0.99861,fixed_recency,127,0.4,2.811084,500,2,1
0.99861,fixed_recency,128,1.0,3.088416,500,8,1
0.99861,fixed_recency,129,1.0,3.214666,500,5,1
0.99861,fixed_recency,130,0.8,2.997291,500,4,1
0.99861,fixed_recency,131,1.0,2.850791,500,6,1
0.99861,fixed_recency,132,0.8,2.743292,500,4,1
0.99861,fixed_recency,133,1.0,2.80325,500,7,1
0.99861,fixed_recency,134,1.0,3.456292,500,11,1
0.99861,fixed_recency,135,1.0,2.908916,500,5,1
0.99861,fixed_recency,136,1.0,3.047583,500,7,1
0.99861,fixed_recency,137,0.4,2.69725,500,2,1
0.99861,fixed_recency,138,0.8,2.763458,500,4,1
0.99861,fixed_recency,139,1.0,3.085917,500,7,1
0.99861,fixed_recency,140,0.4,2.966792,500,2,1
0.99861,fixed_recency,141,0.8,3.115292,500,4,1
0.99861,fixed_recency,142,0.8,2.777959,500,4,1
0.99861,fixed_recency,143,0.8,2.756584,500,4,1
0.99861,fixed_recency,144,0.4,2.780125,500,2,1
0.99861,fixed_recency,145,1.0,3.314875,500,9,1
0.99861,fixed_recency,146,0.2,3.119959,500,1,1
0.99861,fixed_recency,147,0.2,2.8205,500,1,1
0.99861,fixed_recency,148,1.0,2.866083,500,7,1
0.99861,fixed_recency,149,0.8,2.825042,500,5,1
0.99861,fixed_recency,150,0.6,2.630125,500,3,1
0.99861,fixed_recency,151,0.4,2.946,500,2,1
0.99861,fixed_recency,152,0.8,2.691208,500,4,1
0.99861,fixed_recency,153,1.0,2.702625,500,10,1
0.99861,fixed_recency,154,1.0,2.683167,500,11,1
0.99861,fixed_recency,155,1.0,2.720917,500,7,1
0.99861,fixed_recency,156,0.8,2.5815,500,4,1
0.99861,fixed_recency,157,1.0,2.859666,500,7,1
0.99861,fixed_recency,158,0.4,2.714583,500,2,1
0.99861,fixed_recency,159,1.0,2.782625,500,14,1
0.99861,fixed_recency,160,0.2,2.549958,500,1,1
0.99861,fixed_recency,161,0.8,2.602625,500,4,1
0.99861,fixed_recency,162,0.6,2.607833,500,3,1
0.99861,fixed_recency,163,1.0,2.88625,500,5,1
0.99861,fixed_recency,164,1.0,2.636125,500,5,1
0.99861,fixed_recency,165,1.0,2.391083,500,11,1
0.99861,fixed_recency,166,0.4,2.385625,500,2,1
0.99861,fixed_recency,167,0.2,2.581208,500,1,1
0.99861,fixed_recency,168,1.0,2.695,500,17,1
0.99861,fixed_recency,169,1.0,2.49425,500,8,1
0.99861,fixed_recency,170,1.0,2.633167,500,10,1
0.99861,fixed_recency,171,1.0,2.4765,500,6,1
0.99861,fixed_recency,172,0.4,2.241,500,2,1
0.99861,fixed_recency,173,0.2,2.295625,500,1,1
0.99861,fixed_recency,174,1.0,2.454584,500,8,1
0.99861,fixed_recency,175,1.0,2.393167,500,6,1
0.99861,fixed_recency,176,1.0,2.321916,500,5,1
0.99861,fixed_recency,177,0.4,2.356,500,2,1
0.99861,fixed_recency,178,1.0,2.310292,500,5,1
0.99861,fixed_recency,179,0.8,2.322833,500,4,1
0.99861,fixed_recency,180,0.4,2.280708,500,2,1
0.99861,fixed_recency,181,1.0,2.372458,500,5,1
0.99861,fixed_recency,182,1.0,2.393833,500,5,1
0.99861,fixed_recency,183,1.0,2.345084,500,7,1
0.99861,fixed_recency,184,1.0,2.630583,500,9,1
0.99861,fixed_recency,185,0.4,2.262167,500,2,1
0.99861,fixed_recency,186,1.0,2.412375,500,7,1
0.99861,fixed_recency,187,0.2,2.254833,500,1,1
0.99861,fixed_recency,188,1.0,2.307417,500,7,1
0.99861,fixed_recency,189,1.0,2.370458,500,13,1
0.99861,fixed_recency,190,0.4,2.212167,500,2,1
0.99861,fixed_recency,191,1.0,2.50575,500,5,1
0.99861,fixed_recency,192,0.4,2.228334,500,2,1
0.99861,fixed_recency,193,1.0,2.28,500,12,1
0.99861,fixed_recency,194,1.0,2.2645,500,5,1
0.99861,fixed_recency,195,0.6,2.165333,500,3,1
0.99861,fixed_recency,196,0.4,2.240708,500,2,1
0.99861,fixed_recency,197,1.0,2.219792,500,8,1
0.99861,fixed_recency,198,0.4,2.481584,500,2,1
0.99861,fixed_recency,199,0.8,2.270458,500,4,1
0.99861,adaptive_temporal,0,1.0,8.189792,1000,19,3
0.99861,adaptive_temporal,1,1.0,11.577125,2000,26,4
0.99861,adaptive_temporal,2,1.0,4.831959,500,10,2
0.99861,adaptive_temporal,3,1.0,8.705833,1000,13,3
0.99861,adaptive_temporal,4,1.0,10.760208,2000,18,4
0.99861,adaptive_temporal,5,1.0,10.974625,2000,18,4
0.99861,adaptive_temporal,6,1.0,14.283958,4000,31,5
0.99861,adaptive_temporal,7,1.0,9.140833,1000,27,3
0.99861,adaptive_temporal,8,1.0,8.817333,1000,15,3
0.99861,adaptive_temporal,9,1.0,8.738375,1000,11,3
0.99861,adaptive_temporal,10,1.0,5.344875,500,13,2
0.99861,adaptive_temporal,11,1.0,5.136959,500,12,2
0.99861,adaptive_temporal,12,1.0,5.352958,500,13,2
0.99861,adaptive_temporal,13,1.0,7.788,1000,23,3
0.99861,adaptive_temporal,14,1.0,8.849667,1000,22,3
0.99861,adaptive_temporal,15,1.0,5.147875,500,13,2
0.99861,adaptive_temporal,16,1.0,15.259458,4000,31,5
0.99861,adaptive_temporal,17,1.0,7.964583,1000,18,3
0.99861,adaptive_temporal,18,1.0,5.33175,500,15,2
0.99861,adaptive_temporal,19,1.0,8.471125,1000,18,3
0.99861,adaptive_temporal,20,1.0,5.275584,500,16,2
0.99861,adaptive_temporal,21,1.0,10.944334,2000,26,4
0.99861,adaptive_temporal,22,1.0,8.367042,1000,13,3
0.99861,adaptive_temporal,23,1.0,5.035625,500,11,2
0.99861,adaptive_temporal,24,1.0,4.703292,500,10,2
0.99861,adaptive_temporal,25,1.0,8.623625,1000,11,3
0.99861,adaptive_temporal,26,1.0,7.899083,1000,14,3
0.99861,adaptive_temporal,27,1.0,7.849334,1000,20,3
0.99861,adaptive_temporal,28,1.0,5.506916,500,13,2
0.99861,adaptive_temporal,29,1.0,8.505333,1000,17,3
0.99861,adaptive_temporal,30,1.0,10.907166,2000,10,4
0.99861,adaptive_temporal,31,1.0,8.522875,1000,17,3
0.99861,adaptive_temporal,32,1.0,5.054875,500,12,2
0.99861,adaptive_temporal,33,1.0,7.940209,1000,12,3
0.99861,adaptive_temporal,34,1.0,7.993208,1000,12,3
0.99861,adaptive_temporal,35,1.0,7.668667,1000,11,3
0.99861,adaptive_temporal,36,1.0,10.98275,2000,16,4
0.99861,adaptive_temporal,37,1.0,8.600417,1000,23,3
0.99861,adaptive_temporal,38,1.0,14.384625,4000,32,5
0.99861,adaptive_temporal,39,1.0,7.364791,1000,14,3
0.99861,adaptive_temporal,40,1.0,7.624166,1000,13,3
0.99861,adaptive_temporal,41,1.0,8.177083,1000,20,3
0.99861,adaptive_temporal,42,1.0,9.772166,2000,26,4
0.99861,adaptive_temporal,43,1.0,5.263958,500,13,2
0.99861,adaptive_temporal,44,1.0,4.533166,500,11,2
0.99861,adaptive_temporal,45,1.0,7.715334,1000,16,3
0.99861,adaptive_temporal,46,1.0,5.059209,500,14,2
0.99861,adaptive_temporal,47,1.0,13.900417,4000,31,5
0.99861,adaptive_temporal,48,1.0,7.650542,1000,17,3
0.99861,adaptive_temporal,49,1.0,4.954792,500,10,2
0.99861,adaptive_temporal,50,1.0,7.588583,1000,9,3
0.99861,adaptive_temporal,51,1.0,13.822209,4000,31,5
0.99861,adaptive_temporal,52,1.0,4.865333,500,12,2
0.99861,adaptive_temporal,53,1.0,4.52625,500,13,2
0.99861,adaptive_temporal,54,1.0,7.00775,1000,16,3
0.99861,adaptive_temporal,55,1.0,4.179792,500,12,2
0.99861,adaptive_temporal,56,1.0,9.198084,2000,25,4
0.99861,adaptive_temporal,57,1.0,8.989709,2000,31,4
0.99861,adaptive_temporal,58,1.0,9.412375,2000,24,4
0.99861,adaptive_temporal,59,1.0,6.664084,1000,9,3
0.99861,adaptive_temporal,60,1.0,9.137667,2000,15,4
0.99861,adaptive_temporal,61,1.0,6.899,1000,17,3
0.99861,adaptive_temporal,62,1.0,6.674625,1000,18,3
0.99861,adaptive_temporal,63,1.0,6.966458,1000,11,3
0.99861,adaptive_temporal,64,1.0,4.07425,500,9,2
0.99861,adaptive_temporal,65,1.0,9.27025,2000,26,4
0.99861,adaptive_temporal,66,1.0,4.23625,500,13,2
0.99861,adaptive_temporal,67,1.0,4.143459,500,22,2
0.99861,adaptive_temporal,68,1.0,4.192083,500,13,2
0.99861,adaptive_temporal,69,1.0,6.813875,1000,15,3
0.99861,adaptive_temporal,70,1.0,6.537625,1000,16,3
0.99861,adaptive_temporal,71,1.0,6.95025,1000,17,3
0.99861,adaptive_temporal,72,1.0,6.870291,1000,26,3
0.99861,adaptive_temporal,73,1.0,4.85725,500,15,2
0.99861,adaptive_temporal,74,1.0,7.268,1000,13,3
0.99861,adaptive_temporal,75,1.0,9.743709,2000,29,4
0.99861,adaptive_temporal,76,1.0,7.325416,1000,18,3
0.99861,adaptive_temporal,77,1.0,7.116791,1000,13,3
0.99861,adaptive_temporal,78,1.0,8.689,1000,12,3
0.99861,adaptive_temporal,79,1.0,7.534667,1000,24,3
0.99861,adaptive_temporal,80,1.0,7.648709,1000,11,3
0.99861,adaptive_temporal,81,1.0,7.308417,1000,20,3
0.99861,adaptive_temporal,82,1.0,4.520333,500,12,2
0.99861,adaptive_temporal,83,1.0,4.674667,500,13,2
0.99861,adaptive_temporal,84,1.0,7.108791,1000,17,3
0.99861,adaptive_temporal,85,1.0,6.922792,1000,19,3
0.99861,adaptive_temporal,86,1.0,7.370209,1000,20,3
0.99861,adaptive_temporal,87,1.0,4.407167,500,12,2
0.99861,adaptive_temporal,88,1.0,7.408625,1000,17,3
0.99861,adaptive_temporal,89,1.0,4.35875,500,16,2
0.99861,adaptive_temporal,90,1.0,7.172583,1000,9,3
0.99861,adaptive_temporal,91,1.0,7.257708,1000,16,3
0.99861,adaptive_temporal,92,1.0,6.77475,1000,12,3
0.99861,adaptive_temporal,93,1.0,7.128625,1000,17,3
0.99861,adaptive_temporal,94,1.0,4.82325,500,25,2
0.99861,adaptive_temporal,95,1.0,6.849834,1000,7,3
0.99861,adaptive_temporal,96,1.0,7.417958,1000,26,3
0.99861,adaptive_temporal,97,1.0,7.464834,1000,25,3
0.99861,adaptive_temporal,98,1.0,10.169208,2000,17,4
0.99861,adaptive_temporal,99,1.0,4.536334,500,11,2
0.99861,adaptive_temporal,100,1.0,4.2125,500,10,2
0.99861,adaptive_temporal,101,1.0,7.478583,1000,12,3
0.99861,adaptive_temporal,102,1.0,6.9685,1000,13,3
0.99861,adaptive_temporal,103,1.0,7.432,1000,9,3
0.99861,adaptive_temporal,104,1.0,7.43275,1000,36,3
0.99861,adaptive_temporal,105,1.0,6.881459,1000,14,3
0.99861,adaptive_temporal,106,1.0,7.541167,1000,21,3
0.99861,adaptive_temporal,107,1.0,4.550958,500,13,2
0.99861,adaptive_temporal,108,1.0,7.46975,1000,18,3
0.99861,adaptive_temporal,109,1.0,4.556833,500,20,2
0.99861,adaptive_temporal,110,1.0,7.232375,1000,23,3
0.99861,adaptive_temporal,111,1.0,5.304583,500,14,2
0.99861,adaptive_temporal,112,1.0,10.269291,2000,31,4
0.99861,adaptive_temporal,113,1.0,15.75875,4000,24,5
0.99861,adaptive_temporal,114,1.0,4.980042,500,11,2
0.99861,adaptive_temporal,115,1.0,5.26125,500,15,2
0.99861,adaptive_temporal,116,1.0,4.85375,500,14,2
0.99861,adaptive_temporal,117,1.0,4.775625,500,12,2
0.99861,adaptive_temporal,118,1.0,5.687583,500,14,2
0.99861,adaptive_temporal,119,1.0,4.874125,500,14,2
0.99861,adaptive_temporal,120,1.0,7.7675,1000,16,3
0.99861,adaptive_temporal,121,1.0,5.330292,500,12,2
0.99861,adaptive_temporal,122,1.0,7.735667,1000,15,3
0.99861,adaptive_temporal,123,1.0,7.988834,1000,20,3
0.99861,adaptive_temporal,124,1.0,4.815625,500,9,2
0.99861,adaptive_temporal,125,1.0,4.672584,500,15,2
0.99861,adaptive_temporal,126,1.0,7.100542,1000,13,3
0.99861,adaptive_temporal,127,1.0,13.338125,4000,24,5
0.99861,adaptive_temporal,128,1.0,5.159791,500,13,2
0.99861,adaptive_temporal,129,1.0,7.549375,1000,18,3
0.99861,adaptive_temporal,130,1.0,7.412667,1000,12,3
0.99861,adaptive_temporal,131,1.0,7.187042,1000,20,3
0.99861,adaptive_temporal,132,1.0,7.321,1000,19,3
0.99861,adaptive_temporal,133,1.0,7.118875,1000,20,3
0.99861,adaptive_temporal,134,1.0,4.620041,500,16,2
0.99861,adaptive_temporal,135,1.0,5.086958,500,7,2
0.99861,adaptive_temporal,136,1.0,4.948959,500,12,2
0.99861,adaptive_temporal,137,1.0,9.90175,2000,24,4
0.99861,adaptive_temporal,138,1.0,7.16425,1000,20,3
0.99861,adaptive_temporal,139,1.0,5.041208,500,9,2
0.99861,adaptive_temporal,140,1.0,7.846208,1000,9,3
0.99861,adaptive_temporal,141,1.0,7.947417,1000,20,3
0.99861,adaptive_temporal,142,1.0,10.296584,2000,25,4
0.99861,adaptive_temporal,143,1.0,9.783708,2000,25,4
0.99861,adaptive_temporal,144,1.0,7.362583,1000,9,3
0.99861,adaptive_temporal,145,1.0,4.892958,500,14,2
0.99861,adaptive_temporal,146,1.0,10.71225,2000,15,4
0.99861,adaptive_temporal,147,1.0,9.687958,2000,18,4
0.99861,adaptive_temporal,148,1.0,5.610791,500,12,2
0.99861,adaptive_temporal,149,1.0,7.662875,1000,16,3
0.99861,adaptive_temporal,150,1.0,9.999541,2000,18,4
0.99861,adaptive_temporal,151,1.0,7.8495,1000,14,3
0.99861,adaptive_temporal,152,1.0,8.007042,1000,12,3
0.99861,adaptive_temporal,153,1.0,4.553333,500,16,2
0.99861,adaptive_temporal,154,1.0,4.548,500,18,2
0.99861,adaptive_temporal,155,1.0,5.190292,500,12,2
0.99861,adaptive_temporal,156,1.0,7.447583,1000,18,3
0.99861,adaptive_temporal,157,1.0,4.514542,500,14,2
0.99861,adaptive_temporal,158,1.0,6.84875,1000,11,3
0.99861,adaptive_temporal,159,1.0,4.95175,500,20,2
0.99861,adaptive_temporal,160,1.0,10.390458,2000,26,4
0.99861,adaptive_temporal,161,1.0,7.14875,1000,13,3
0.99861,adaptive_temporal,162,1.0,7.754083,1000,14,3
0.99861,adaptive_temporal,163,1.0,4.879,500,8,2
0.99861,adaptive_temporal,164,1.0,6.94475,1000,17,3
0.99861,adaptive_temporal,165,1.0,4.804167,500,15,2
0.99861,adaptive_temporal,166,1.0,10.567834,2000,26,4
0.99861,adaptive_temporal,167,1.0,9.970416,2000,15,4
0.99861,adaptive_temporal,168,1.0,4.4045,500,23,2
0.99861,adaptive_temporal,169,1.0,4.557708,500,11,2
0.99861,adaptive_temporal,170,1.0,6.930958,1000,27,3
0.99861,adaptive_temporal,171,1.0,7.240292,1000,18,3
0.99861,adaptive_temporal,172,1.0,10.123833,2000,17,4
0.99861,adaptive_temporal,173,1.0,7.417167,1000,7,3
0.99861,adaptive_temporal,174,1.0,5.164167,500,13,2
0.99861,adaptive_temporal,175,1.0,7.618041,1000,27,3
0.99861,adaptive_temporal,176,1.0,7.10225,1000,16,3
0.99861,adaptive_temporal,177,1.0,13.764167,4000,24,5
0.99861,adaptive_temporal,178,1.0,7.906041,1000,16,3
0.99861,adaptive_temporal,179,1.0,7.998292,1000,20,3
0.99861,adaptive_temporal,180,1.0,9.878334,2000,26,4
0.99861,adaptive_temporal,181,1.0,4.498666,500,7,2
0.99861,adaptive_temporal,182,1.0,7.7715,1000,17,3
0.99861,adaptive_temporal,183,1.0,4.554,500,9,2
0.99861,adaptive_temporal,184,1.0,4.180583,500,13,2
0.99861,adaptive_temporal,185,1.0,9.978625,2000,24,4
0.99861,adaptive_temporal,186,1.0,7.239167,1000,24,3
0.99861,adaptive_temporal,187,1.0,14.203958,4000,32,5
0.99861,adaptive_temporal,188,1.0,7.007375,1000,21,3
0.99861,adaptive_temporal,189,1.0,4.979166,500,20,2
0.99861,adaptive_temporal,190,1.0,7.45275,1000,11,3
0.99861,adaptive_temporal,191,1.0,7.4475,1000,19,3
0.99861,adaptive_temporal,192,1.0,9.698083,2000,26,4
0.99861,adaptive_temporal,193,1.0,4.657666,500,17,2
0.99861,adaptive_temporal,194,1.0,4.524708,500,9,2
0.99861,adaptive_temporal,195,1.0,10.741458,2000,26,4
0.99861,adaptive_temporal,196,1.0,9.910584,2000,18,4
0.99861,adaptive_temporal,197,1.0,4.326958,500,13,2
0.99861,adaptive_temporal,198,1.0,7.575917,1000,9,3
0.99861,adaptive_temporal,199,1.0,7.374458,1000,11,3
0.995,exhaustive_weighted,0,1.0,9.051709,50000,50000,0
0.995,exhaustive_weighted,1,1.0,10.143958,50000,50000,0
0.995,exhaustive_weighted,2,1.0,9.105167,50000,50000,0
0.995,exhaustive_weighted,3,1.0,9.562792,50000,50000,0
0.995,exhaustive_weighted,4,1.0,9.16475,50000,50000,0
0.995,exhaustive_weighted,5,1.0,8.495167,50000,50000,0
0.995,exhaustive_weighted,6,1.0,10.250875,50000,50000,0
0.995,exhaustive_weighted,7,1.0,9.068583,50000,50000,0
0.995,exhaustive_weighted,8,1.0,9.670625,50000,50000,0
0.995,exhaustive_weighted,9,1.0,10.496125,50000,50000,0
0.995,exhaustive_weighted,10,1.0,9.671084,50000,50000,0
0.995,exhaustive_weighted,11,1.0,11.704125,50000,50000,0
0.995,exhaustive_weighted,12,1.0,10.478375,50000,50000,0
0.995,exhaustive_weighted,13,1.0,10.947833,50000,50000,0
0.995,exhaustive_weighted,14,1.0,11.804167,50000,50000,0
0.995,exhaustive_weighted,15,1.0,10.361458,50000,50000,0
0.995,exhaustive_weighted,16,1.0,10.983917,50000,50000,0
0.995,exhaustive_weighted,17,1.0,11.377833,50000,50000,0
0.995,exhaustive_weighted,18,1.0,10.262917,50000,50000,0
0.995,exhaustive_weighted,19,1.0,11.764,50000,50000,0
0.995,exhaustive_weighted,20,1.0,11.332458,50000,50000,0
0.995,exhaustive_weighted,21,1.0,10.246459,50000,50000,0
0.995,exhaustive_weighted,22,1.0,11.884958,50000,50000,0
0.995,exhaustive_weighted,23,1.0,10.758458,50000,50000,0
0.995,exhaustive_weighted,24,1.0,10.670875,50000,50000,0
0.995,exhaustive_weighted,25,1.0,11.897667,50000,50000,0
0.995,exhaustive_weighted,26,1.0,10.91675,50000,50000,0
0.995,exhaustive_weighted,27,1.0,11.007084,50000,50000,0
0.995,exhaustive_weighted,28,1.0,11.056584,50000,50000,0
0.995,exhaustive_weighted,29,1.0,11.591708,50000,50000,0
0.995,exhaustive_weighted,30,1.0,11.179291,50000,50000,0
0.995,exhaustive_weighted,31,1.0,10.567792,50000,50000,0
0.995,exhaustive_weighted,32,1.0,11.485542,50000,50000,0
0.995,exhaustive_weighted,33,1.0,10.842333,50000,50000,0
0.995,exhaustive_weighted,34,1.0,10.073583,50000,50000,0
0.995,exhaustive_weighted,35,1.0,11.964375,50000,50000,0
0.995,exhaustive_weighted,36,1.0,10.877166,50000,50000,0
0.995,exhaustive_weighted,37,1.0,11.323417,50000,50000,0
0.995,exhaustive_weighted,38,1.0,12.110208,50000,50000,0
0.995,exhaustive_weighted,39,1.0,10.422375,50000,50000,0
0.995,exhaustive_weighted,40,1.0,11.266875,50000,50000,0
0.995,exhaustive_weighted,41,1.0,11.544209,50000,50000,0
0.995,exhaustive_weighted,42,1.0,10.721875,50000,50000,0
0.995,exhaustive_weighted,43,1.0,11.331667,50000,50000,0
0.995,exhaustive_weighted,44,1.0,11.330709,50000,50000,0
0.995,exhaustive_weighted,45,1.0,10.435792,50000,50000,0
0.995,exhaustive_weighted,46,1.0,11.534292,50000,50000,0
0.995,exhaustive_weighted,47,1.0,10.643667,50000,50000,0
0.995,exhaustive_weighted,48,1.0,10.726292,50000,50000,0
0.995,exhaustive_weighted,49,1.0,11.4305,50000,50000,0
0.995,exhaustive_weighted,50,1.0,10.190334,50000,50000,0
0.995,exhaustive_weighted,51,1.0,11.051208,50000,50000,0
0.995,exhaustive_weighted,52,1.0,10.580375,50000,50000,0
0.995,exhaustive_weighted,53,1.0,10.971416,50000,50000,0
0.995,exhaustive_weighted,54,1.0,11.288542,50000,50000,0
0.995,exhaustive_weighted,55,1.0,10.388333,50000,50000,0
0.995,exhaustive_weighted,56,1.0,10.958791,50000,50000,0
0.995,exhaustive_weighted,57,1.0,9.874166,50000,50000,0
0.995,exhaustive_weighted,58,1.0,11.189625,50000,50000,0
0.995,exhaustive_weighted,59,1.0,9.951667,50000,50000,0
0.995,exhaustive_weighted,60,1.0,9.822584,50000,50000,0
0.995,exhaustive_weighted,61,1.0,10.430834,50000,50000,0
0.995,exhaustive_weighted,62,1.0,10.185917,50000,50000,0
0.995,exhaustive_weighted,63,1.0,9.974666,50000,50000,0
0.995,exhaustive_weighted,64,1.0,10.350375,50000,50000,0
0.995,exhaustive_weighted,65,1.0,10.066083,50000,50000,0
0.995,exhaustive_weighted,66,1.0,9.953083,50000,50000,0
0.995,exhaustive_weighted,67,1.0,10.40525,50000,50000,0
0.995,exhaustive_weighted,68,1.0,9.967958,50000,50000,0
0.995,exhaustive_weighted,69,1.0,9.892792,50000,50000,0
0.995,exhaustive_weighted,70,1.0,11.789334,50000,50000,0
0.995,exhaustive_weighted,71,1.0,9.965875,50000,50000,0
0.995,exhaustive_weighted,72,1.0,9.456125,50000,50000,0
0.995,exhaustive_weighted,73,1.0,10.416083,50000,50000,0
0.995,exhaustive_weighted,74,1.0,10.859542,50000,50000,0
0.995,exhaustive_weighted,75,1.0,9.593791,50000,50000,0
0.995,exhaustive_weighted,76,1.0,10.072541,50000,50000,0
0.995,exhaustive_weighted,77,1.0,10.024375,50000,50000,0
0.995,exhaustive_weighted,78,1.0,10.51625,50000,50000,0
0.995,exhaustive_weighted,79,1.0,10.748708,50000,50000,0
0.995,exhaustive_weighted,80,1.0,9.52125,50000,50000,0
0.995,exhaustive_weighted,81,1.0,9.514541,50000,50000,0
0.995,exhaustive_weighted,82,1.0,9.942958,50000,50000,0
0.995,exhaustive_weighted,83,1.0,9.765709,50000,50000,0
0.995,exhaustive_weighted,84,1.0,9.579667,50000,50000,0
0.995,exhaustive_weighted,85,1.0,9.133083,50000,50000,0
0.995,exhaustive_weighted,86,1.0,10.7495,50000,50000,0
0.995,exhaustive_weighted,87,1.0,10.777041,50000,50000,0
0.995,exhaustive_weighted,88,1.0,8.980917,50000,50000,0
0.995,exhaustive_weighted,89,1.0,9.224583,50000,50000,0
0.995,exhaustive_weighted,90,1.0,7.855125,50000,50000,0
0.995,exhaustive_weighted,91,1.0,9.1655,50000,50000,0
0.995,exhaustive_weighted,92,1.0,10.276916,50000,50000,0
0.995,exhaustive_weighted,93,1.0,9.369084,50000,50000,0
0.995,exhaustive_weighted,94,1.0,10.227542,50000,50000,0
0.995,exhaustive_weighted,95,1.0,9.079542,50000,50000,0
0.995,exhaustive_weighted,96,1.0,10.19725,50000,50000,0
0.995,exhaustive_weighted,97,1.0,10.73575,50000,50000,0
0.995,exhaustive_weighted,98,1.0,9.989459,50000,50000,0
0.995,exhaustive_weighted,99,1.0,9.470375,50000,50000,0
0.995,exhaustive_weighted,100,1.0,8.57525,50000,50000,0
0.995,exhaustive_weighted,101,1.0,9.297708,50000,50000,0
0.995,exhaustive_weighted,102,1.0,9.655792,50000,50000,0
0.995,exhaustive_weighted,103,1.0,8.653125,50000,50000,0
0.995,exhaustive_weighted,104,1.0,8.182542,50000,50000,0
0.995,exhaustive_weighted,105,1.0,8.908875,50000,50000,0
0.995,exhaustive_weighted,106,1.0,8.601167,50000,50000,0
0.995,exhaustive_weighted,107,1.0,9.949917,50000,50000,0
0.995,exhaustive_weighted,108,1.0,12.233625,50000,50000,0
0.995,exhaustive_weighted,109,1.0,13.932208,50000,50000,0
0.995,exhaustive_weighted,110,1.0,11.602708,50000,50000,0
0.995,exhaustive_weighted,111,1.0,8.347083,50000,50000,0
0.995,exhaustive_weighted,112,1.0,10.060208,50000,50000,0
0.995,exhaustive_weighted,113,1.0,10.133709,50000,50000,0
0.995,exhaustive_weighted,114,1.0,10.062541,50000,50000,0
0.995,exhaustive_weighted,115,1.0,9.6335,50000,50000,0
0.995,exhaustive_weighted,116,1.0,10.083375,50000,50000,0
0.995,exhaustive_weighted,117,1.0,9.597708,50000,50000,0
0.995,exhaustive_weighted,118,1.0,10.773,50000,50000,0
0.995,exhaustive_weighted,119,1.0,9.585333,50000,50000,0
0.995,exhaustive_weighted,120,1.0,9.944708,50000,50000,0
0.995,exhaustive_weighted,121,1.0,10.21975,50000,50000,0
0.995,exhaustive_weighted,122,1.0,10.917709,50000,50000,0
0.995,exhaustive_weighted,123,1.0,10.237416,50000,50000,0
0.995,exhaustive_weighted,124,1.0,10.228375,50000,50000,0
0.995,exhaustive_weighted,125,1.0,9.6,50000,50000,0
0.995,exhaustive_weighted,126,1.0,10.825625,50000,50000,0
0.995,exhaustive_weighted,127,1.0,10.0625,50000,50000,0
0.995,exhaustive_weighted,128,1.0,10.271292,50000,50000,0
0.995,exhaustive_weighted,129,1.0,9.740708,50000,50000,0
0.995,exhaustive_weighted,130,1.0,10.681584,50000,50000,0
0.995,exhaustive_weighted,131,1.0,10.698125,50000,50000,0
0.995,exhaustive_weighted,132,1.0,9.670709,50000,50000,0
0.995,exhaustive_weighted,133,1.0,10.057958,50000,50000,0
0.995,exhaustive_weighted,134,1.0,10.089292,50000,50000,0
0.995,exhaustive_weighted,135,1.0,10.518417,50000,50000,0
0.995,exhaustive_weighted,136,1.0,9.8005,50000,50000,0
0.995,exhaustive_weighted,137,1.0,9.860791,50000,50000,0
0.995,exhaustive_weighted,138,1.0,9.407708,50000,50000,0
0.995,exhaustive_weighted,139,1.0,10.275917,50000,50000,0
0.995,exhaustive_weighted,140,1.0,9.355583,50000,50000,0
0.995,exhaustive_weighted,141,1.0,10.179292,50000,50000,0
0.995,exhaustive_weighted,142,1.0,9.433375,50000,50000,0
0.995,exhaustive_weighted,143,1.0,10.5585,50000,50000,0
0.995,exhaustive_weighted,144,1.0,10.855333,50000,50000,0
0.995,exhaustive_weighted,145,1.0,10.897416,50000,50000,0
0.995,exhaustive_weighted,146,1.0,9.740458,50000,50000,0
0.995,exhaustive_weighted,147,1.0,10.501875,50000,50000,0
0.995,exhaustive_weighted,148,1.0,10.272625,50000,50000,0
0.995,exhaustive_weighted,149,1.0,9.729708,50000,50000,0
0.995,exhaustive_weighted,150,1.0,9.663375,50000,50000,0
0.995,exhaustive_weighted,151,1.0,9.599208,50000,50000,0
0.995,exhaustive_weighted,152,1.0,10.327125,50000,50000,0
0.995,exhaustive_weighted,153,1.0,10.246833,50000,50000,0
0.995,exhaustive_weighted,154,1.0,10.226209,50000,50000,0
0.995,exhaustive_weighted,155,1.0,10.117708,50000,50000,0
0.995,exhaustive_weighted,156,1.0,10.606667,50000,50000,0
0.995,exhaustive_weighted,157,1.0,9.907625,50000,50000,0
0.995,exhaustive_weighted,158,1.0,9.999958,50000,50000,0
0.995,exhaustive_weighted,159,1.0,10.140584,50000,50000,0
0.995,exhaustive_weighted,160,1.0,10.105625,50000,50000,0
0.995,exhaustive_weighted,161,1.0,10.601042,50000,50000,0
0.995,exhaustive_weighted,162,1.0,10.053625,50000,50000,0
0.995,exhaustive_weighted,163,1.0,10.221917,50000,50000,0
0.995,exhaustive_weighted,164,1.0,10.409542,50000,50000,0
0.995,exhaustive_weighted,165,1.0,9.95875,50000,50000,0
0.995,exhaustive_weighted,166,1.0,9.578584,50000,50000,0
0.995,exhaustive_weighted,167,1.0,9.307084,50000,50000,0
0.995,exhaustive_weighted,168,1.0,10.521542,50000,50000,0
0.995,exhaustive_weighted,169,1.0,10.351875,50000,50000,0
0.995,exhaustive_weighted,170,1.0,10.048666,50000,50000,0
0.995,exhaustive_weighted,171,1.0,9.747834,50000,50000,0
0.995,exhaustive_weighted,172,1.0,10.494791,50000,50000,0
0.995,exhaustive_weighted,173,1.0,9.449333,50000,50000,0
0.995,exhaustive_weighted,174,1.0,10.339083,50000,50000,0
0.995,exhaustive_weighted,175,1.0,9.070875,50000,50000,0
0.995,exhaustive_weighted,176,1.0,10.429166,50000,50000,0
0.995,exhaustive_weighted,177,1.0,9.402791,50000,50000,0
0.995,exhaustive_weighted,178,1.0,10.290458,50000,50000,0
0.995,exhaustive_weighted,179,1.0,10.066625,50000,50000,0
0.995,exhaustive_weighted,180,1.0,10.13475,50000,50000,0
0.995,exhaustive_weighted,181,1.0,10.412042,50000,50000,0
0.995,exhaustive_weighted,182,1.0,9.937042,50000,50000,0
0.995,exhaustive_weighted,183,1.0,9.610167,50000,50000,0
0.995,exhaustive_weighted,184,1.0,9.932,50000,50000,0
0.995,exhaustive_weighted,185,1.0,9.955375,50000,50000,0
0.995,exhaustive_weighted,186,1.0,11.275583,50000,50000,0
0.995,exhaustive_weighted,187,1.0,10.296167,50000,50000,0
0.995,exhaustive_weighted,188,1.0,9.7745,50000,50000,0
0.995,exhaustive_weighted,189,1.0,10.700791,50000,50000,0
0.995,exhaustive_weighted,190,1.0,9.959625,50000,50000,0
0.995,exhaustive_weighted,191,1.0,10.016042,50000,50000,0
0.995,exhaustive_weighted,192,1.0,9.718125,50000,50000,0
0.995,exhaustive_weighted,193,1.0,9.765625,50000,50000,0
0.995,exhaustive_weighted,194,1.0,8.790541,50000,50000,0
0.995,exhaustive_weighted,195,1.0,9.425416,50000,50000,0
0.995,exhaustive_weighted,196,1.0,9.477333,50000,50000,0
0.995,exhaustive_weighted,197,1.0,10.014375,50000,50000,0
0.995,exhaustive_weighted,198,1.0,9.174542,50000,50000,0
0.995,exhaustive_weighted,199,1.0,10.337584,50000,50000,0
0.995,certified_scan,0,1.0,0.400416,448,448,0
0.995,certified_scan,1,1.0,0.859042,960,960,0
0.995,certified_scan,2,1.0,0.41225,384,384,0
0.995,certified_scan,3,1.0,0.686083,704,704,0
0.995,certified_scan,4,1.0,1.128375,1152,1152,0
0.995,certified_scan,5,1.0,1.218708,1248,1248,0
0.995,certified_scan,6,1.0,1.847042,1952,1952,0
0.995,certified_scan,7,1.0,0.523041,416,416,0
0.995,certified_scan,8,1.0,0.846208,608,608,0
0.995,certified_scan,9,1.0,0.946375,640,640,0
0.995,certified_scan,10,1.0,0.361958,320,320,0
0.995,certified_scan,11,1.0,0.31375,320,320,0
0.995,certified_scan,12,1.0,0.236167,224,224,0
0.995,certified_scan,13,1.0,0.403708,416,416,0
0.995,certified_scan,14,1.0,0.500167,512,512,0
0.995,certified_scan,15,1.0,0.369708,352,352,0
0.995,certified_scan,16,1.0,1.74175,1952,1952,0
0.995,certified_scan,17,1.0,0.503292,448,448,0
0.995,certified_scan,18,1.0,0.223958,192,192,0
0.995,certified_scan,19,1.0,0.60625,672,672,0
0.995,certified_scan,20,1.0,0.291292,224,224,0
0.995,certified_scan,21,1.0,0.989,1024,1024,0
0.995,certified_scan,22,1.0,0.58975,576,576,0
0.995,certified_scan,23,1.0,0.456417,384,384,0
0.995,certified_scan,24,1.0,0.370291,320,320,0
0.995,certified_scan,25,1.0,0.744042,800,800,0
0.995,certified_scan,26,1.0,0.732958,640,640,0
0.995,certified_scan,27,1.0,0.639208,416,416,0
0.995,certified_scan,28,1.0,0.364958,288,288,0
0.995,certified_scan,29,1.0,0.474958,480,480,0
0.995,certified_scan,30,1.0,1.869833,1888,1888,0
0.995,certified_scan,31,1.0,0.558666,544,544,0
0.995,certified_scan,32,1.0,0.337,288,288,0
0.995,certified_scan,33,1.0,0.626375,704,704,0
0.995,certified_scan,34,1.0,0.649375,608,608,0
0.995,certified_scan,35,1.0,0.857,768,768,0
0.995,certified_scan,36,1.0,1.660667,1216,1216,0
0.995,certified_scan,37,1.0,0.614167,544,544,0
0.995,certified_scan,38,1.0,1.841583,1952,1952,0
0.995,certified_scan,39,1.0,0.701417,640,640,0
0.995,certified_scan,40,1.0,0.602291,640,640,0
0.995,certified_scan,41,1.0,0.51275,480,480,0
0.995,certified_scan,42,1.0,1.035208,1024,1024,0
0.995,certified_scan,43,1.0,0.342625,288,288,0
0.995,certified_scan,44,1.0,0.24025,224,224,0
0.995,certified_scan,45,1.0,0.735375,704,704,0
0.995,certified_scan,46,1.0,0.334167,224,224,0
0.995,certified_scan,47,1.0,1.805917,1952,1952,0
0.995,certified_scan,48,1.0,0.536916,480,480,0
0.995,certified_scan,49,1.0,0.43875,448,448,0
0.995,certified_scan,50,1.0,0.637625,768,768,0
0.995,certified_scan,51,1.0,1.655458,1984,1984,0
0.995,certified_scan,52,1.0,0.333166,256,256,0
0.995,certified_scan,53,1.0,0.324708,320,320,0
0.995,certified_scan,54,1.0,0.460416,448,448,0
0.995,certified_scan,55,1.0,0.317709,288,288,0
0.995,certified_scan,56,1.0,1.167333,992,992,0
0.995,certified_scan,57,1.0,1.149417,960,960,0
0.995,certified_scan,58,1.0,0.912459,1024,1024,0
0.995,certified_scan,59,1.0,0.984459,928,928,0
0.995,certified_scan,60,1.0,1.387583,1408,1408,0
0.995,certified_scan,61,1.0,0.536166,512,512,0
0.995,certified_scan,62,1.0,0.430875,480,480,0
0.995,certified_scan,63,1.0,0.733375,800,800,0
0.995,certified_scan,64,1.0,0.342875,320,320,0
0.995,certified_scan,65,1.0,0.986875,1024,1024,0
0.995,certified_scan,66,1.0,0.408334,352,352,0
0.995,certified_scan,67,1.0,0.2625,224,224,0
0.995,certified_scan,68,1.0,0.261625,192,192,0
0.995,certified_scan,69,1.0,0.687834,736,736,0
0.995,certified_scan,70,1.0,0.668125,704,704,0
0.995,certified_scan,71,1.0,0.537667,544,544,0
0.995,certified_scan,72,1.0,0.489209,480,480,0
0.995,certified_scan,73,1.0,0.23925,224,224,0
0.995,certified_scan,74,1.0,0.452125,576,576,0
0.995,certified_scan,75,1.0,0.915584,928,928,0
0.995,certified_scan,76,1.0,0.676916,672,672,0
0.995,certified_scan,77,1.0,0.723208,736,736,0
0.995,certified_scan,78,1.0,0.723459,768,768,0
0.995,certified_scan,79,1.0,0.458084,416,416,0
0.995,certified_scan,80,1.0,0.9175,832,832,0
0.995,certified_scan,81,1.0,0.545833,480,480,0
0.995,certified_scan,82,1.0,0.404291,288,288,0
0.995,certified_scan,83,1.0,0.353292,256,256,0
0.995,certified_scan,84,1.0,0.610209,512,512,0
0.995,certified_scan,85,1.0,0.509,448,448,0
0.995,certified_scan,86,1.0,0.383167,416,416,0
0.995,certified_scan,87,1.0,0.29075,256,256,0
0.995,certified_scan,88,1.0,0.417083,480,480,0
0.995,certified_scan,89,1.0,0.219791,192,192,0
0.995,certified_scan,90,1.0,0.704458,832,832,0
0.995,certified_scan,91,1.0,0.492041,480,480,0
0.995,certified_scan,92,1.0,0.665708,768,768,0
0.995,certified_scan,93,1.0,0.406667,448,448,0
0.995,certified_scan,94,1.0,0.241625,192,192,0
0.995,certified_scan,95,1.0,0.71575,832,832,0
0.995,certified_scan,96,1.0,0.514292,448,448,0
0.995,certified_scan,97,1.0,0.430167,416,416,0
0.995,certified_scan,98,1.0,1.563667,1504,1504,0
0.995,certified_scan,99,1.0,0.461959,384,384,0
0.995,certified_scan,100,1.0,0.340625,352,352,0
0.995,certified_scan,101,1.0,0.967333,768,768,0
0.995,certified_scan,102,1.0,0.914,736,736,0
0.995,certified_scan,103,1.0,0.895917,928,928,0
0.995,certified_scan,104,1.0,0.436375,384,384,0
0.995,certified_scan,105,1.0,0.686917,736,736,0
0.995,certified_scan,106,1.0,0.420417,384,384,0
0.995,certified_scan,107,1.0,0.328375,320,320,0
0.995,certified_scan,108,1.0,0.371792,416,416,0
0.995,certified_scan,109,1.0,0.300584,256,256,0
0.995,certified_scan,110,1.0,0.422833,480,480,0
0.995,certified_scan,111,1.0,0.289792,256,256,0
0.995,certified_scan,112,1.0,1.04975,928,928,0
0.995,certified_scan,113,1.0,2.231125,2048,2048,0
0.995,certified_scan,114,1.0,0.538542,352,352,0
0.995,certified_scan,115,1.0,0.3085,288,288,0
0.995,certified_scan,116,1.0,0.438333,384,384,0
0.995,certified_scan,117,1.0,0.336667,320,320,0
0.995,certified_scan,118,1.0,0.225875,160,160,0
0.995,certified_scan,119,1.0,0.310166,288,288,0
0.995,certified_scan,120,1.0,0.74425,512,512,0
0.995,certified_scan,121,1.0,0.3765,352,352,0
0.995,certified_scan,122,1.0,0.7375,736,736,0
0.995,certified_scan,123,1.0,0.77875,704,704,0
0.995,certified_scan,124,1.0,0.406875,320,320,0
0.995,certified_scan,125,1.0,0.223916,192,192,0
0.995,certified_scan,126,1.0,0.606666,576,576,0
0.995,certified_scan,127,1.0,2.369666,2048,2048,0
0.995,certified_scan,128,1.0,0.338542,288,288,0
0.995,certified_scan,129,1.0,0.503875,512,512,0
0.995,certified_scan,130,1.0,0.577125,576,576,0
0.995,certified_scan,131,1.0,0.548292,416,416,0
0.995,certified_scan,132,1.0,0.484209,544,544,0
0.995,certified_scan,133,1.0,0.42525,480,480,0
0.995,certified_scan,134,1.0,0.273417,224,224,0
0.995,certified_scan,135,1.0,0.381792,416,416,0
0.995,certified_scan,136,1.0,0.327375,288,288,0
0.995,certified_scan,137,1.0,0.894583,1024,1024,0
0.995,certified_scan,138,1.0,1.265709,704,704,0
0.995,certified_scan,139,1.0,0.416833,352,352,0
0.995,certified_scan,140,1.0,0.594125,768,768,0
0.995,certified_scan,141,1.0,0.75225,704,704,0
0.995,certified_scan,142,1.0,0.946625,992,992,0
0.995,certified_scan,143,1.0,0.896916,992,992,0
0.995,certified_scan,144,1.0,0.741167,896,896,0
0.995,certified_scan,145,1.0,0.325083,288,288,0
0.995,certified_scan,146,1.0,1.291292,1440,1440,0
0.995,certified_scan,147,1.0,0.923542,1056,1056,0
0.995,certified_scan,148,1.0,0.329083,288,288,0
0.995,certified_scan,149,1.0,0.527875,544,544,0
0.995,certified_scan,150,1.0,1.115,1152,1152,0
0.995,certified_scan,151,1.0,0.601292,608,608,0
0.995,certified_scan,152,1.0,0.487875,576,576,0
0.995,certified_scan,153,1.0,0.2615,224,224,0
0.995,certified_scan,154,1.0,0.287417,256,256,0
0.995,certified_scan,155,1.0,0.301083,256,256,0
0.995,certified_scan,156,1.0,0.606,672,672,0
0.995,certified_scan,157,1.0,0.269666,192,192,0
0.995,certified_scan,158,1.0,0.717625,800,800,0
0.995,certified_scan,159,1.0,0.268792,224,224,0
0.995,certified_scan,160,1.0,0.805,1056,1056,0
0.995,certified_scan,161,1.0,0.696875,704,704,0
0.995,certified_scan,162,1.0,0.666417,736,736,0
0.995,certified_scan,163,1.0,0.603,384,384,0
0.995,certified_scan,164,1.0,0.481125,416,416,0
0.995,certified_scan,165,1.0,0.571125,352,352,0
0.995,certified_scan,166,1.0,0.934917,960,960,0
0.995,certified_scan,167,1.0,1.314208,1408,1408,0
0.995,certified_scan,168,1.0,0.245209,160,160,0
0.995,certified_scan,169,1.0,0.340292,320,320,0
0.995,certified_scan,170,1.0,0.424875,416,416,0
0.995,certified_scan,171,1.0,0.37125,448,448,0
0.995,certified_scan,172,1.0,1.302375,1504,1504,0
0.995,certified_scan,173,1.0,0.647792,832,832,0
0.995,certified_scan,174,1.0,0.248041,224,224,0
0.995,certified_scan,175,1.0,0.49575,384,384,0
0.995,certified_scan,176,1.0,0.462958,448,448,0
0.995,certified_scan,177,1.0,1.96875,2048,2048,0
0.995,certified_scan,178,1.0,0.578625,544,544,0
0.995,certified_scan,179,1.0,0.537875,608,608,0
0.995,certified_scan,180,1.0,0.903709,960,960,0
0.995,certified_scan,181,1.0,0.547417,352,352,0
0.995,certified_scan,182,1.0,0.434708,512,512,0
0.995,certified_scan,183,1.0,0.302125,352,352,0
0.995,certified_scan,184,1.0,0.290458,288,288,0
0.995,certified_scan,185,1.0,0.772791,896,896,0
0.995,certified_scan,186,1.0,0.513208,512,512,0
0.995,certified_scan,187,1.0,1.806167,1952,1952,0
0.995,certified_scan,188,1.0,0.519541,384,384,0
0.995,certified_scan,189,1.0,0.408834,192,192,0
0.995,certified_scan,190,1.0,0.75025,800,800,0
0.995,certified_scan,191,1.0,0.478792,448,448,0
0.995,certified_scan,192,1.0,0.780583,896,896,0
0.995,certified_scan,193,1.0,0.348375,288,288,0
0.995,certified_scan,194,1.0,0.447708,416,416,0
0.995,certified_scan,195,1.0,0.955,1024,1024,0
0.995,certified_scan,196,1.0,1.209625,1248,1248,0
0.995,certified_scan,197,1.0,0.338625,288,288,0
0.995,certified_scan,198,1.0,0.708333,800,800,0
0.995,certified_scan,199,1.0,0.646917,672,672,0
0.995,ordinary_hnsw,0,0.0,7.601333,50000,100,1
0.995,ordinary_hnsw,1,0.2,8.142958,50000,100,1
0.995,ordinary_hnsw,2,0.2,7.595292,50000,100,1
0.995,ordinary_hnsw,3,0.0,7.490625,50000,100,1
0.995,ordinary_hnsw,4,0.2,7.439125,50000,100,1
0.995,ordinary_hnsw,5,0.8,7.638375,50000,100,1
0.995,ordinary_hnsw,6,0.2,7.664791,50000,100,1
0.995,ordinary_hnsw,7,0.0,7.948291,50000,100,1
0.995,ordinary_hnsw,8,0.2,8.7805,50000,100,1
0.995,ordinary_hnsw,9,0.0,7.862542,50000,100,1
0.995,ordinary_hnsw,10,0.4,7.744584,50000,100,1
0.995,ordinary_hnsw,11,0.4,7.305541,50000,100,1
0.995,ordinary_hnsw,12,0.4,8.28925,50000,100,1
0.995,ordinary_hnsw,13,0.0,8.576041,50000,100,1
0.995,ordinary_hnsw,14,0.2,8.261041,50000,100,1
0.995,ordinary_hnsw,15,0.2,8.29,50000,100,1
0.995,ordinary_hnsw,16,0.2,8.2855,50000,100,1
0.995,ordinary_hnsw,17,0.6,7.815125,50000,100,1
0.995,ordinary_hnsw,18,0.0,8.395125,50000,100,1
0.995,ordinary_hnsw,19,0.0,8.194083,50000,100,1
0.995,ordinary_hnsw,20,0.2,8.732917,50000,100,1
0.995,ordinary_hnsw,21,0.2,7.757292,50000,100,1
0.995,ordinary_hnsw,22,0.6,7.564417,50000,100,1
0.995,ordinary_hnsw,23,0.6,8.75275,50000,100,1
0.995,ordinary_hnsw,24,0.4,7.672875,50000,100,1
0.995,ordinary_hnsw,25,0.6,8.454667,50000,100,1
0.995,ordinary_hnsw,26,0.2,7.000375,50000,100,1
0.995,ordinary_hnsw,27,0.2,8.299625,50000,100,1
0.995,ordinary_hnsw,28,0.4,7.478875,50000,100,1
0.995,ordinary_hnsw,29,0.0,7.69075,50000,100,1
0.995,ordinary_hnsw,30,1.0,6.930417,50000,100,1
0.995,ordinary_hnsw,31,0.0,8.718667,50000,100,1
0.995,ordinary_hnsw,32,0.2,7.8295,50000,100,1
0.995,ordinary_hnsw,33,0.2,7.756708,50000,100,1
0.995,ordinary_hnsw,34,0.2,8.205625,50000,100,1
0.995,ordinary_hnsw,35,0.2,8.235875,50000,100,1
0.995,ordinary_hnsw,36,0.4,7.183167,50000,100,1
0.995,ordinary_hnsw,37,0.2,7.5095,50000,100,1
0.995,ordinary_hnsw,38,0.0,8.418791,50000,100,1
0.995,ordinary_hnsw,39,0.2,7.847625,50000,100,1
0.995,ordinary_hnsw,40,0.2,7.888166,50000,100,1
0.995,ordinary_hnsw,41,0.0,7.617792,50000,100,1
0.995,ordinary_hnsw,42,0.2,8.520833,50000,100,1
0.995,ordinary_hnsw,43,0.2,7.421916,50000,100,1
0.995,ordinary_hnsw,44,0.0,7.9415,50000,100,1
0.995,ordinary_hnsw,45,0.6,8.148792,50000,100,1
0.995,ordinary_hnsw,46,0.2,8.516416,50000,100,1
0.995,ordinary_hnsw,47,0.2,7.467916,50000,100,1
0.995,ordinary_hnsw,48,0.0,7.320792,50000,100,1
0.995,ordinary_hnsw,49,0.4,7.43525,50000,100,1
0.995,ordinary_hnsw,50,0.2,7.679625,50000,100,1
0.995,ordinary_hnsw,51,0.4,6.640708,50000,100,1
0.995,ordinary_hnsw,52,0.4,7.57275,50000,100,1
0.995,ordinary_hnsw,53,0.0,8.410458,50000,100,1
0.995,ordinary_hnsw,54,0.2,8.075917,50000,100,1
0.995,ordinary_hnsw,55,0.0,7.348833,50000,100,1
0.995,ordinary_hnsw,56,0.4,6.727041,50000,100,1
0.995,ordinary_hnsw,57,0.4,7.324125,50000,100,1
0.995,ordinary_hnsw,58,0.2,6.942917,50000,100,1
0.995,ordinary_hnsw,59,0.4,7.137709,50000,100,1
0.995,ordinary_hnsw,60,0.2,6.45325,50000,100,1
0.995,ordinary_hnsw,61,0.4,6.493875,50000,100,1
0.995,ordinary_hnsw,62,0.2,6.26325,50000,100,1
0.995,ordinary_hnsw,63,0.2,6.2495,50000,100,1
0.995,ordinary_hnsw,64,0.4,6.472917,50000,100,1
0.995,ordinary_hnsw,65,0.2,6.531584,50000,100,1
0.995,ordinary_hnsw,66,0.0,7.6445,50000,100,1
0.995,ordinary_hnsw,67,0.0,7.943833,50000,100,1
0.995,ordinary_hnsw,68,0.4,8.453,50000,100,1
0.995,ordinary_hnsw,69,0.2,7.267334,50000,100,1
0.995,ordinary_hnsw,70,0.0,7.593667,50000,100,1
0.995,ordinary_hnsw,71,0.0,7.334416,50000,100,1
0.995,ordinary_hnsw,72,0.0,7.678,50000,100,1
0.995,ordinary_hnsw,73,0.0,8.114166,50000,100,1
0.995,ordinary_hnsw,74,0.4,7.266667,50000,100,1
0.995,ordinary_hnsw,75,0.2,7.7475,50000,100,1
0.995,ordinary_hnsw,76,0.0,7.3055,50000,100,1
0.995,ordinary_hnsw,77,0.4,6.59125,50000,100,1
0.995,ordinary_hnsw,78,0.2,7.182042,50000,100,1
0.995,ordinary_hnsw,79,0.0,6.736416,50000,100,1
0.995,ordinary_hnsw,80,0.2,6.36275,50000,100,1
0.995,ordinary_hnsw,81,0.2,6.655542,50000,100,1
0.995,ordinary_hnsw,82,0.2,7.074,50000,100,1
0.995,ordinary_hnsw,83,0.2,7.369792,50000,100,1
0.995,ordinary_hnsw,84,0.2,8.188291,50000,100,1
0.995,ordinary_hnsw,85,0.0,7.112209,50000,100,1
0.995,ordinary_hnsw,86,0.2,7.059667,50000,100,1
0.995,ordinary_hnsw,87,0.4,8.245125,50000,100,1
0.995,ordinary_hnsw,88,0.0,7.5795,50000,100,1
0.995,ordinary_hnsw,89,0.0,9.713791,50000,100,1
0.995,ordinary_hnsw,90,0.0,6.551417,50000,100,1
0.995,ordinary_hnsw,91,0.4,7.417792,50000,100,1
0.995,ordinary_hnsw,92,0.2,6.766334,50000,100,1
0.995,ordinary_hnsw,93,0.6,7.213167,50000,100,1
0.995,ordinary_hnsw,94,0.2,8.188209,50000,100,1
0.995,ordinary_hnsw,95,0.0,6.838917,50000,100,1
0.995,ordinary_hnsw,96,0.2,7.42825,50000,100,1
0.995,ordinary_hnsw,97,0.0,6.320666,50000,100,1
0.995,ordinary_hnsw,98,0.2,8.118958,50000,100,1
0.995,ordinary_hnsw,99,0.6,7.159542,50000,100,1
0.995,ordinary_hnsw,100,0.2,6.851166,50000,100,1
0.995,ordinary_hnsw,101,0.2,6.727166,50000,100,1
0.995,ordinary_hnsw,102,0.0,5.970583,50000,100,1
0.995,ordinary_hnsw,103,0.2,7.368291,50000,100,1
0.995,ordinary_hnsw,104,0.0,7.688916,50000,100,1
0.995,ordinary_hnsw,105,0.2,7.6115,50000,100,1
0.995,ordinary_hnsw,106,0.0,7.573459,50000,100,1
0.995,ordinary_hnsw,107,0.2,7.885125,50000,100,1
0.995,ordinary_hnsw,108,0.0,8.006292,50000,100,1
0.995,ordinary_hnsw,109,0.2,7.758125,50000,100,1
0.995,ordinary_hnsw,110,0.6,6.979334,50000,100,1
0.995,ordinary_hnsw,111,0.0,8.092458,50000,100,1
0.995,ordinary_hnsw,112,0.2,6.858041,50000,100,1
0.995,ordinary_hnsw,113,0.2,7.751959,50000,100,1
0.995,ordinary_hnsw,114,0.0,7.209666,50000,100,1
0.995,ordinary_hnsw,115,0.0,6.566667,50000,100,1
0.995,ordinary_hnsw,116,0.0,8.383417,50000,100,1
0.995,ordinary_hnsw,117,0.2,5.967875,50000,100,1
0.995,ordinary_hnsw,118,0.2,7.761834,50000,100,1
0.995,ordinary_hnsw,119,0.2,8.334375,50000,100,1
0.995,ordinary_hnsw,120,0.0,6.111458,50000,100,1
0.995,ordinary_hnsw,121,0.0,7.340167,50000,100,1
0.995,ordinary_hnsw,122,0.4,6.360334,50000,100,1
0.995,ordinary_hnsw,123,0.2,7.478958,50000,100,1
0.995,ordinary_hnsw,124,0.2,7.710959,50000,100,1
0.995,ordinary_hnsw,125,0.4,7.974333,50000,100,1
0.995,ordinary_hnsw,126,0.4,6.38725,50000,100,1
0.995,ordinary_hnsw,127,0.2,6.772458,50000,100,1
0.995,ordinary_hnsw,128,0.4,6.795875,50000,100,1
0.995,ordinary_hnsw,129,0.0,6.83925,50000,100,1
0.995,ordinary_hnsw,130,0.2,7.463541,50000,100,1
0.995,ordinary_hnsw,131,0.0,6.862584,50000,100,1
0.995,ordinary_hnsw,132,0.2,7.349125,50000,100,1
0.995,ordinary_hnsw,133,0.2,6.764541,50000,100,1
0.995,ordinary_hnsw,134,0.2,8.291042,50000,100,1
0.995,ordinary_hnsw,135,0.2,7.60975,50000,100,1
0.995,ordinary_hnsw,136,0.2,7.273041,50000,100,1
0.995,ordinary_hnsw,137,0.4,7.171042,50000,100,1
0.995,ordinary_hnsw,138,0.2,7.148333,50000,100,1
0.995,ordinary_hnsw,139,0.4,8.821209,50000,100,1
0.995,ordinary_hnsw,140,0.0,7.332917,50000,100,1
0.995,ordinary_hnsw,141,0.0,7.702458,50000,100,1
0.995,ordinary_hnsw,142,0.4,7.340666,50000,100,1
0.995,ordinary_hnsw,143,0.4,7.288667,50000,100,1
0.995,ordinary_hnsw,144,0.0,8.293041,50000,100,1
0.995,ordinary_hnsw,145,0.2,8.1715,50000,100,1
0.995,ordinary_hnsw,146,0.2,7.846459,50000,100,1
0.995,ordinary_hnsw,147,0.6,7.168083,50000,100,1
0.995,ordinary_hnsw,148,0.0,8.059458,50000,100,1
0.995,ordinary_hnsw,149,0.0,7.719334,50000,100,1
0.995,ordinary_hnsw,150,0.2,7.901125,50000,100,1
0.995,ordinary_hnsw,151,0.2,8.21325,50000,100,1
0.995,ordinary_hnsw,152,0.0,6.798542,50000,100,1
0.995,ordinary_hnsw,153,0.4,7.216375,50000,100,1
0.995,ordinary_hnsw,154,0.2,8.85625,50000,100,1
0.995,ordinary_hnsw,155,0.4,7.618375,50000,100,1
0.995,ordinary_hnsw,156,0.0,7.455709,50000,100,1
0.995,ordinary_hnsw,157,0.4,7.122125,50000,100,1
0.995,ordinary_hnsw,158,0.0,6.797125,50000,100,1
0.995,ordinary_hnsw,159,0.2,8.885708,50000,100,1
0.995,ordinary_hnsw,160,0.0,7.018542,50000,100,1
0.995,ordinary_hnsw,161,0.0,7.4595,50000,100,1
0.995,ordinary_hnsw,162,0.2,7.147417,50000,100,1
0.995,ordinary_hnsw,163,0.0,7.018416,50000,100,1
0.995,ordinary_hnsw,164,0.2,8.328125,50000,100,1
0.995,ordinary_hnsw,165,0.2,7.810625,50000,100,1
0.995,ordinary_hnsw,166,0.2,6.933125,50000,100,1
0.995,ordinary_hnsw,167,0.2,7.250292,50000,100,1
0.995,ordinary_hnsw,168,0.2,7.001125,50000,100,1
0.995,ordinary_hnsw,169,0.0,7.875542,50000,100,1
0.995,ordinary_hnsw,170,0.0,7.658458,50000,100,1
0.995,ordinary_hnsw,171,0.6,6.752084,50000,100,1
0.995,ordinary_hnsw,172,0.2,7.655667,50000,100,1
0.995,ordinary_hnsw,173,0.2,7.0005,50000,100,1
0.995,ordinary_hnsw,174,0.4,8.214708,50000,100,1
0.995,ordinary_hnsw,175,0.2,7.79125,50000,100,1
0.995,ordinary_hnsw,176,0.2,7.801917,50000,100,1
0.995,ordinary_hnsw,177,0.2,7.184416,50000,100,1
0.995,ordinary_hnsw,178,0.2,6.986042,50000,100,1
0.995,ordinary_hnsw,179,0.2,8.409208,50000,100,1
0.995,ordinary_hnsw,180,0.2,6.7385,50000,100,1
0.995,ordinary_hnsw,181,0.2,6.929375,50000,100,1
0.995,ordinary_hnsw,182,0.4,6.778375,50000,100,1
0.995,ordinary_hnsw,183,0.4,7.686084,50000,100,1
0.995,ordinary_hnsw,184,0.6,9.034166,50000,100,1
0.995,ordinary_hnsw,185,0.0,8.081833,50000,100,1
0.995,ordinary_hnsw,186,0.0,7.769959,50000,100,1
0.995,ordinary_hnsw,187,0.0,7.265125,50000,100,1
0.995,ordinary_hnsw,188,0.4,7.03675,50000,100,1
0.995,ordinary_hnsw,189,0.0,8.927292,50000,100,1
0.995,ordinary_hnsw,190,0.6,7.333417,50000,100,1
0.995,ordinary_hnsw,191,0.2,6.46625,50000,100,1
0.995,ordinary_hnsw,192,0.0,7.438375,50000,100,1
0.995,ordinary_hnsw,193,0.4,6.448792,50000,100,1
0.995,ordinary_hnsw,194,0.4,8.074667,50000,100,1
0.995,ordinary_hnsw,195,0.4,7.122416,50000,100,1
0.995,ordinary_hnsw,196,0.2,7.136791,50000,100,1
0.995,ordinary_hnsw,197,0.0,7.816417,50000,100,1
0.995,ordinary_hnsw,198,0.6,7.50325,50000,100,1
0.995,ordinary_hnsw,199,0.0,7.823541,50000,100,1
0.995,fixed_recency,0,1.0,3.597666,500,6,1
0.995,fixed_recency,1,0.4,3.1735,500,2,1
0.995,fixed_recency,2,1.0,3.345375,500,7,1
0.995,fixed_recency,3,0.8,3.289084,500,4,1
0.995,fixed_recency,4,0.6,3.525959,500,3,1
0.995,fixed_recency,5,0.4,3.944583,500,2,1
0.995,fixed_recency,6,0.2,3.426209,500,1,1
0.995,fixed_recency,7,1.0,3.350459,500,10,1
0.995,fixed_recency,8,0.8,3.434958,500,4,1
0.995,fixed_recency,9,0.8,3.114125,500,4,1
0.995,fixed_recency,10,1.0,3.177375,500,9,1
0.995,fixed_recency,11,1.0,3.419958,500,8,1
0.995,fixed_recency,12,1.0,3.036125,500,8,1
0.995,fixed_recency,13,1.0,2.7425,500,5,1
0.995,fixed_recency,14,1.0,2.761875,500,5,1
0.995,fixed_recency,15,1.0,3.115458,500,9,1
0.995,fixed_recency,16,0.2,2.923333,500,1,1
0.995,fixed_recency,17,1.0,3.583792,500,6,1
0.995,fixed_recency,18,1.0,3.853125,500,9,1
0.995,fixed_recency,19,0.8,3.727792,500,4,1
0.995,fixed_recency,20,1.0,3.534667,500,11,1
0.995,fixed_recency,21,0.6,2.984666,500,3,1
0.995,fixed_recency,22,0.8,2.930084,500,4,1
0.995,fixed_recency,23,1.0,3.0735,500,8,1
0.995,fixed_recency,24,1.0,3.189125,500,6,1
0.995,fixed_recency,25,0.4,2.71675,500,2,1
0.995,fixed_recency,26,0.8,2.913458,500,4,1
0.995,fixed_recency,27,1.0,2.818916,500,5,1
0.995,fixed_recency,28,1.0,3.0295,500,8,1
0.995,fixed_recency,29,1.0,3.88975,500,5,1
0.995,fixed_recency,30,0.4,3.671792,500,2,1
0.995,fixed_recency,31,1.0,3.568541,500,5,1
0.995,fixed_recency,32,1.0,3.155125,500,7,1
0.995,fixed_recency,33,0.4,2.758875,500,2,1
0.995,fixed_recency,34,0.8,3.255583,500,4,1
0.995,fixed_recency,35,0.4,3.315167,500,2,1
0.995,fixed_recency,36,0.0,3.053459,500,0,1
0.995,fixed_recency,37,1.0,2.784458,500,5,1
0.995,fixed_recency,38,0.2,2.69825,500,1,1
0.995,fixed_recency,39,0.8,2.895833,500,4,1
0.995,fixed_recency,40,0.6,3.083917,500,3,1
0.995,fixed_recency,41,1.0,3.214708,500,6,1
0.995,fixed_recency,42,0.6,3.621541,500,3,1
0.995,fixed_recency,43,1.0,3.307917,500,8,1
0.995,fixed_recency,44,1.0,3.163083,500,6,1
0.995,fixed_recency,45,0.8,3.493458,500,4,1
0.995,fixed_recency,46,1.0,2.797917,500,8,1
0.995,fixed_recency,47,0.2,3.255583,500,1,1
0.995,fixed_recency,48,1.0,3.060292,500,5,1
0.995,fixed_recency,49,1.0,2.728875,500,6,1
0.995,fixed_recency,50,0.4,2.912375,500,2,1
0.995,fixed_recency,51,0.2,2.839584,500,1,1
0.995,fixed_recency,52,1.0,3.359,500,7,1
0.995,fixed_recency,53,1.0,3.798333,500,9,1
0.995,fixed_recency,54,1.0,3.647875,500,5,1
0.995,fixed_recency,55,1.0,3.576959,500,7,1
0.995,fixed_recency,56,0.8,3.3145,500,4,1
0.995,fixed_recency,57,0.6,3.611708,500,3,1
0.995,fixed_recency,58,0.4,3.191834,500,2,1
0.995,fixed_recency,59,0.4,3.2135,500,2,1
0.995,fixed_recency,60,0.2,3.332541,500,1,1
0.995,fixed_recency,61,1.0,2.788542,500,5,1
0.995,fixed_recency,62,1.0,3.023625,500,5,1
0.995,fixed_recency,63,0.4,3.111125,500,2,1
0.995,fixed_recency,64,1.0,3.002667,500,6,1
0.995,fixed_recency,65,0.6,3.296417,500,3,1
0.995,fixed_recency,66,1.0,3.752375,500,9,1
0.995,fixed_recency,67,1.0,3.704666,500,15,1
0.995,fixed_recency,68,1.0,3.680375,500,7,1
0.995,fixed_recency,69,0.4,2.896167,500,2,1
0.995,fixed_recency,70,0.8,3.08125,500,4,1
0.995,fixed_recency,71,1.0,3.134292,500,5,1
0.995,fixed_recency,72,1.0,3.215,500,8,1
0.995,fixed_recency,73,1.0,2.860292,500,10,1
0.995,fixed_recency,74,0.8,2.645916,500,4,1
0.995,fixed_recency,75,0.4,2.806791,500,2,1
0.995,fixed_recency,76,0.8,3.309459,500,4,1
0.995,fixed_recency,77,0.4,3.426167,500,2,1
0.995,fixed_recency,78,0.4,3.75725,500,2,1
0.995,fixed_recency,79,1.0,3.213959,500,8,1
0.995,fixed_recency,80,0.6,3.023917,500,3,1
0.995,fixed_recency,81,1.0,3.409416,500,7,1
0.995,fixed_recency,82,1.0,3.126084,500,7,1
0.995,fixed_recency,83,1.0,3.458791,500,8,1
0.995,fixed_recency,84,1.0,4.166834,500,5,1
0.995,fixed_recency,85,1.0,3.09175,500,5,1
0.995,fixed_recency,86,1.0,3.068584,500,6,1
0.995,fixed_recency,87,1.0,2.930584,500,7,1
0.995,fixed_recency,88,1.0,4.563083,500,5,1
0.995,fixed_recency,89,1.0,3.575417,500,10,1
0.995,fixed_recency,90,0.4,3.40525,500,2,1
0.995,fixed_recency,91,1.0,3.552708,500,5,1
0.995,fixed_recency,92,0.4,3.147625,500,2,1
0.995,fixed_recency,93,1.0,4.032791,500,6,1
0.995,fixed_recency,94,1.0,3.519709,500,16,1
0.995,fixed_recency,95,0.2,3.453833,500,1,1
0.995,fixed_recency,96,1.0,3.057292,500,7,1
0.995,fixed_recency,97,1.0,3.702291,500,6,1
0.995,fixed_recency,98,0.4,3.059208,500,2,1
0.995,fixed_recency,99,1.0,3.112958,500,8,1
0.995,fixed_recency,100,1.0,3.154709,500,6,1
0.995,fixed_recency,101,0.4,3.438166,500,2,1
0.995,fixed_recency,102,0.4,4.103208,500,2,1
0.995,fixed_recency,103,0.4,3.157,500,2,1
0.995,fixed_recency,104,1.0,3.771916,500,12,1
0.995,fixed_recency,105,0.6,3.591,500,3,1
0.995,fixed_recency,106,1.0,3.092125,500,6,1
0.995,fixed_recency,107,1.0,3.702708,500,9,1
0.995,fixed_recency,108,1.0,2.931167,500,5,1
0.995,fixed_recency,109,1.0,2.904792,500,14,1
0.995,fixed_recency,110,1.0,2.978792,500,8,1
0.995,fixed_recency,111,1.0,2.76175,500,9,1
0.995,fixed_recency,112,0.6,3.150542,500,3,1
0.995,fixed_recency,113,0.4,2.765542,500,2,1
0.995,fixed_recency,114,1.0,2.6665,500,8,1
0.995,fixed_recency,115,1.0,2.721375,500,10,1
0.995,fixed_recency,116,1.0,2.780458,500,11,1
0.995,fixed_recency,117,1.0,2.689958,500,8,1
0.995,fixed_recency,118,1.0,3.28075,500,7,1
0.995,fixed_recency,119,1.0,2.884458,500,9,1
0.995,fixed_recency,120,1.0,2.624792,500,5,1
0.995,fixed_recency,121,1.0,2.721583,500,8,1
0.995,fixed_recency,122,0.4,2.727334,500,2,1
0.995,fixed_recency,123,0.8,2.5775,500,4,1
0.995,fixed_recency,124,1.0,3.554708,500,5,1
0.995,fixed_recency,125,1.0,3.183542,500,9,1
0.995,fixed_recency,126,0.8,2.990166,500,4,1
0.995,fixed_recency,127,0.4,3.063459,500,2,1
0.995,fixed_recency,128,1.0,3.166417,500,8,1
0.995,fixed_recency,129,1.0,3.675167,500,5,1
0.995,fixed_recency,130,0.8,3.2585,500,4,1
0.995,fixed_recency,131,1.0,2.806959,500,6,1
0.995,fixed_recency,132,0.8,3.008542,500,4,1
0.995,fixed_recency,133,1.0,2.971958,500,7,1
0.995,fixed_recency,134,1.0,3.007792,500,11,1
0.995,fixed_recency,135,1.0,3.206125,500,5,1
0.995,fixed_recency,136,1.0,2.722375,500,7,1
0.995,fixed_recency,137,0.4,2.547084,500,2,1
0.995,fixed_recency,138,0.8,2.692625,500,4,1
0.995,fixed_recency,139,1.0,2.753125,500,7,1
0.995,fixed_recency,140,0.4,2.642292,500,2,1
0.995,fixed_recency,141,0.8,2.834167,500,4,1
0.995,fixed_recency,142,0.8,2.558292,500,4,1
0.995,fixed_recency,143,0.8,2.492125,500,4,1
0.995,fixed_recency,144,0.4,2.548583,500,2,1
0.995,fixed_recency,145,1.0,2.77925,500,9,1
0.995,fixed_recency,146,0.2,2.444709,500,1,1
0.995,fixed_recency,147,0.2,3.248708,500,1,1
0.995,fixed_recency,148,1.0,2.810458,500,7,1
0.995,fixed_recency,149,1.0,2.989958,500,5,1
0.995,fixed_recency,150,0.6,2.853333,500,3,1
0.995,fixed_recency,151,0.4,3.078667,500,2,1
0.995,fixed_recency,152,0.8,3.153584,500,4,1
0.995,fixed_recency,153,1.0,3.421417,500,10,1
0.995,fixed_recency,154,1.0,3.176542,500,11,1
0.995,fixed_recency,155,1.0,2.865208,500,7,1
0.995,fixed_recency,156,0.8,2.607583,500,4,1
0.995,fixed_recency,157,1.0,2.484917,500,7,1
0.995,fixed_recency,158,0.4,2.58425,500,2,1
0.995,fixed_recency,159,1.0,3.142834,500,14,1
0.995,fixed_recency,160,0.2,2.489042,500,1,1
0.995,fixed_recency,161,0.8,2.371416,500,4,1
0.995,fixed_recency,162,0.6,2.952041,500,3,1
0.995,fixed_recency,163,1.0,2.921292,500,5,1
0.995,fixed_recency,164,1.0,3.459333,500,5,1
0.995,fixed_recency,165,1.0,3.272333,500,11,1
0.995,fixed_recency,166,0.4,2.597458,500,2,1
0.995,fixed_recency,167,0.2,2.734958,500,1,1
0.995,fixed_recency,168,1.0,3.2735,500,17,1
0.995,fixed_recency,169,1.0,2.618,500,8,1
0.995,fixed_recency,170,1.0,2.864792,500,10,1
0.995,fixed_recency,171,1.0,3.168,500,6,1
0.995,fixed_recency,172,0.4,3.202458,500,2,1
0.995,fixed_recency,173,0.2,3.523541,500,1,1
0.995,fixed_recency,174,1.0,2.789583,500,8,1
0.995,fixed_recency,175,1.0,3.543792,500,6,1
0.995,fixed_recency,176,1.0,2.950917,500,5,1
0.995,fixed_recency,177,0.4,2.380958,500,2,1
0.995,fixed_recency,178,1.0,2.515875,500,5,1
0.995,fixed_recency,179,0.8,3.220792,500,4,1
0.995,fixed_recency,180,0.4,3.136375,500,2,1
0.995,fixed_recency,181,1.0,3.715958,500,5,1
0.995,fixed_recency,182,1.0,2.72575,500,5,1
0.995,fixed_recency,183,1.0,2.746959,500,7,1
0.995,fixed_recency,184,1.0,3.165833,500,9,1
0.995,fixed_recency,185,0.4,2.608333,500,2,1
0.995,fixed_recency,186,1.0,3.101,500,7,1
0.995,fixed_recency,187,0.2,2.847417,500,1,1
0.995,fixed_recency,188,1.0,2.643917,500,7,1
0.995,fixed_recency,189,1.0,3.327167,500,13,1
0.995,fixed_recency,190,0.4,3.212541,500,2,1
0.995,fixed_recency,191,1.0,2.564667,500,5,1
0.995,fixed_recency,192,0.4,3.402,500,2,1
0.995,fixed_recency,193,1.0,2.7415,500,12,1
0.995,fixed_recency,194,1.0,2.445833,500,5,1
0.995,fixed_recency,195,0.6,2.499542,500,3,1
0.995,fixed_recency,196,0.4,3.103417,500,2,1
0.995,fixed_recency,197,1.0,3.200458,500,8,1
0.995,fixed_recency,198,0.4,3.157666,500,2,1
0.995,fixed_recency,199,0.8,2.563459,500,4,1
0.995,adaptive_temporal,0,1.0,4.489042,500,7,2
0.995,adaptive_temporal,1,1.0,7.165917,1000,8,3
0.995,adaptive_temporal,2,1.0,4.610458,500,10,2
0.995,adaptive_temporal,3,1.0,7.484458,1000,13,3
0.995,adaptive_temporal,4,1.0,10.058083,2000,18,4
0.995,adaptive_temporal,5,1.0,10.201542,2000,18,4
0.995,adaptive_temporal,6,1.0,9.863125,2000,8,4
0.995,adaptive_temporal,7,1.0,5.205666,500,13,2
0.995,adaptive_temporal,8,1.0,7.131291,1000,15,3
0.995,adaptive_temporal,9,1.0,7.50925,1000,11,3
0.995,adaptive_temporal,10,1.0,4.730625,500,13,2
0.995,adaptive_temporal,11,1.0,4.95525,500,12,2
0.995,adaptive_temporal,12,1.0,2.1515,250,5,1
0.995,adaptive_temporal,13,1.0,4.352917,500,8,2
0.995,adaptive_temporal,14,1.0,4.481833,500,9,2
0.995,adaptive_temporal,15,1.0,4.379292,500,13,2
0.995,adaptive_temporal,16,1.0,9.75225,2000,8,4
0.995,adaptive_temporal,17,1.0,4.642042,500,6,2
0.995,adaptive_temporal,18,1.0,2.286167,250,6,1
0.995,adaptive_temporal,19,1.0,7.765625,1000,18,3
0.995,adaptive_temporal,20,1.0,2.187542,250,5,1
0.995,adaptive_temporal,21,1.0,9.588458,2000,26,4
0.995,adaptive_temporal,22,1.0,7.675875,1000,13,3
0.995,adaptive_temporal,23,1.0,4.65325,500,11,2
0.995,adaptive_temporal,24,1.0,4.432292,500,10,2
0.995,adaptive_temporal,25,1.0,6.788167,1000,11,3
0.995,adaptive_temporal,26,1.0,6.730333,1000,14,3
0.995,adaptive_temporal,27,1.0,4.255417,500,8,2
0.995,adaptive_temporal,28,1.0,4.946417,500,13,2
0.995,adaptive_temporal,29,1.0,4.735584,500,8,2
0.995,adaptive_temporal,30,1.0,9.843084,2000,10,4
0.995,adaptive_temporal,31,1.0,6.944583,1000,17,3
0.995,adaptive_temporal,32,1.0,4.59325,500,12,2
0.995,adaptive_temporal,33,1.0,6.83325,1000,12,3
0.995,adaptive_temporal,34,1.0,7.620458,1000,12,3
0.995,adaptive_temporal,35,1.0,7.208666,1000,11,3
0.995,adaptive_temporal,36,1.0,9.540709,2000,16,4
0.995,adaptive_temporal,37,1.0,8.481542,1000,23,3
0.995,adaptive_temporal,38,1.0,9.352542,2000,8,4
0.995,adaptive_temporal,39,1.0,7.240208,1000,14,3
0.995,adaptive_temporal,40,1.0,7.613084,1000,13,3
0.995,adaptive_temporal,41,1.0,4.836583,500,9,2
0.995,adaptive_temporal,42,1.0,9.687417,2000,26,4
0.995,adaptive_temporal,43,1.0,4.959167,500,13,2
0.995,adaptive_temporal,44,1.0,2.34225,250,5,1
0.995,adaptive_temporal,45,1.0,7.323958,1000,16,3
0.995,adaptive_temporal,46,1.0,2.164792,250,6,1
0.995,adaptive_temporal,47,1.0,9.312583,2000,8,4
0.995,adaptive_temporal,48,1.0,4.459875,500,8,2
0.995,adaptive_temporal,49,1.0,4.109083,500,10,2
0.995,adaptive_temporal,50,1.0,7.437875,1000,9,3
0.995,adaptive_temporal,51,1.0,9.857041,2000,8,4
0.995,adaptive_temporal,52,1.0,2.336667,250,5,1
0.995,adaptive_temporal,53,1.0,4.439417,500,13,2
0.995,adaptive_temporal,54,1.0,4.753792,500,9,2
0.995,adaptive_temporal,55,1.0,4.930333,500,12,2
0.995,adaptive_temporal,56,1.0,7.347542,1000,12,3
0.995,adaptive_temporal,57,1.0,6.78075,1000,10,3
0.995,adaptive_temporal,58,1.0,10.401459,2000,24,4
0.995,adaptive_temporal,59,1.0,6.812916,1000,9,3
0.995,adaptive_temporal,60,1.0,9.73225,2000,15,4
0.995,adaptive_temporal,61,1.0,4.601917,500,8,2
0.995,adaptive_temporal,62,1.0,4.381666,500,7,2
0.995,adaptive_temporal,63,1.0,7.226458,1000,11,3
0.995,adaptive_temporal,64,1.0,5.27425,500,9,2
0.995,adaptive_temporal,65,1.0,9.847083,2000,26,4
0.995,adaptive_temporal,66,1.0,5.23375,500,13,2
0.995,adaptive_temporal,67,1.0,2.468125,250,7,1
0.995,adaptive_temporal,68,1.0,2.319208,250,6,1
0.995,adaptive_temporal,69,1.0,7.4605,1000,15,3
0.995,adaptive_temporal,70,1.0,6.738791,1000,16,3
0.995,adaptive_temporal,71,1.0,7.23125,1000,17,3
0.995,adaptive_temporal,72,1.0,5.055125,500,11,2
0.995,adaptive_temporal,73,1.0,2.267958,250,5,1
0.995,adaptive_temporal,74,1.0,6.916167,1000,13,3
0.995,adaptive_temporal,75,1.0,6.901416,1000,9,3
0.995,adaptive_temporal,76,1.0,6.741083,1000,18,3
0.995,adaptive_temporal,77,1.0,6.706583,1000,13,3
0.995,adaptive_temporal,78,1.0,6.879958,1000,12,3
0.995,adaptive_temporal,79,1.0,4.180584,500,11,2
0.995,adaptive_temporal,80,1.0,7.985291,1000,11,3
0.995,adaptive_temporal,81,1.0,5.0335,500,9,2
0.995,adaptive_temporal,82,1.0,4.862209,500,12,2
0.995,adaptive_temporal,83,1.0,2.3465,250,5,1
0.995,adaptive_temporal,84,1.0,4.700958,500,7,2
0.995,adaptive_temporal,85,1.0,4.246708,500,9,2
0.995,adaptive_temporal,86,1.0,4.442791,500,9,2
0.995,adaptive_temporal,87,1.0,2.31675,250,5,1
0.995,adaptive_temporal,88,1.0,4.651833,500,7,2
0.995,adaptive_temporal,89,1.0,2.5585,250,6,1
0.995,adaptive_temporal,90,1.0,7.167,1000,9,3
0.995,adaptive_temporal,91,1.0,4.28325,500,8,2
0.995,adaptive_temporal,92,1.0,7.059666,1000,12,3
0.995,adaptive_temporal,93,1.0,4.011417,500,7,2
0.995,adaptive_temporal,94,1.0,2.17225,250,9,1
0.995,adaptive_temporal,95,1.0,6.895709,1000,7,3
0.995,adaptive_temporal,96,1.0,4.58975,500,10,2
0.995,adaptive_temporal,97,1.0,4.702125,500,9,2
0.995,adaptive_temporal,98,1.0,9.794167,2000,17,4
0.995,adaptive_temporal,99,1.0,4.937958,500,11,2
0.995,adaptive_temporal,100,1.0,4.763959,500,10,2
0.995,adaptive_temporal,101,1.0,7.327167,1000,12,3
0.995,adaptive_temporal,102,1.0,6.767958,1000,13,3
0.995,adaptive_temporal,103,1.0,7.169708,1000,9,3
0.995,adaptive_temporal,104,1.0,5.1815,500,15,2
0.995,adaptive_temporal,105,1.0,7.11625,1000,14,3
0.995,adaptive_temporal,106,1.0,4.683208,500,10,2
0.995,adaptive_temporal,107,1.0,4.428292,500,13,2
0.995,adaptive_temporal,108,1.0,4.689458,500,7,2
0.995,adaptive_temporal,109,1.0,2.556792,250,6,1
0.995,adaptive_temporal,110,1.0,4.7525,500,10,2
0.995,adaptive_temporal,111,1.0,2.026542,250,5,1
0.995,adaptive_temporal,112,1.0,6.5545,1000,10,3
0.995,adaptive_temporal,113,1.0,12.642375,4000,24,5
0.995,adaptive_temporal,114,1.0,4.701542,500,11,2
0.995,adaptive_temporal,115,1.0,4.750416,500,15,2
0.995,adaptive_temporal,116,1.0,4.945625,500,14,2
0.995,adaptive_temporal,117,1.0,4.355666,500,12,2
0.995,adaptive_temporal,118,1.0,1.986291,250,7,1
0.995,adaptive_temporal,119,1.0,4.645583,500,14,2
0.995,adaptive_temporal,120,1.0,4.35475,500,8,2
0.995,adaptive_temporal,121,1.0,4.165459,500,12,2
0.995,adaptive_temporal,122,1.0,7.321291,1000,15,3
0.995,adaptive_temporal,123,1.0,7.582584,1000,20,3
0.995,adaptive_temporal,124,1.0,4.405333,500,9,2
0.995,adaptive_temporal,125,1.0,2.158042,250,6,1
0.995,adaptive_temporal,126,1.0,6.968666,1000,13,3
0.995,adaptive_temporal,127,1.0,12.68525,4000,24,5
0.995,adaptive_temporal,128,1.0,5.146042,500,13,2
0.995,adaptive_temporal,129,1.0,4.740167,500,7,2
0.995,adaptive_temporal,130,1.0,7.374959,1000,12,3
0.995,adaptive_temporal,131,1.0,4.438792,500,10,2
0.995,adaptive_temporal,132,1.0,7.776541,1000,19,3
0.995,adaptive_temporal,133,1.0,4.968666,500,9,2
0.995,adaptive_temporal,134,1.0,2.273125,250,5,1
0.995,adaptive_temporal,135,1.0,4.460625,500,7,2
0.995,adaptive_temporal,136,1.0,4.2955,500,12,2
0.995,adaptive_temporal,137,1.0,10.56225,2000,24,4
0.995,adaptive_temporal,138,1.0,7.549084,1000,20,3
0.995,adaptive_temporal,139,1.0,5.051791,500,9,2
0.995,adaptive_temporal,140,1.0,7.2135,1000,9,3
0.995,adaptive_temporal,141,1.0,7.224333,1000,20,3
0.995,adaptive_temporal,142,1.0,7.237333,1000,12,3
0.995,adaptive_temporal,143,1.0,7.499166,1000,12,3
0.995,adaptive_temporal,144,1.0,6.680958,1000,9,3
0.995,adaptive_temporal,145,1.0,4.511125,500,14,2
0.995,adaptive_temporal,146,1.0,10.236542,2000,15,4
0.995,adaptive_temporal,147,1.0,9.722542,2000,18,4
0.995,adaptive_temporal,148,1.0,4.72725,500,12,2
0.995,adaptive_temporal,149,1.0,7.19825,1000,16,3
0.995,adaptive_temporal,150,1.0,10.479041,2000,18,4
0.995,adaptive_temporal,151,1.0,7.744042,1000,14,3
0.995,adaptive_temporal,152,1.0,7.707917,1000,12,3
0.995,adaptive_temporal,153,1.0,2.216125,250,6,1
0.995,adaptive_temporal,154,1.0,2.324209,250,7,1
0.995,adaptive_temporal,155,1.0,2.103042,250,5,1
0.995,adaptive_temporal,156,1.0,6.293083,1000,18,3
0.995,adaptive_temporal,157,1.0,2.022959,250,7,1
0.995,adaptive_temporal,158,1.0,6.2285,1000,11,3
0.995,adaptive_temporal,159,1.0,1.941084,250,6,1
0.995,adaptive_temporal,160,1.0,8.594667,2000,26,4
0.995,adaptive_temporal,161,1.0,6.525542,1000,13,3
0.995,adaptive_temporal,162,1.0,6.25675,1000,14,3
0.995,adaptive_temporal,163,1.0,4.131375,500,8,2
0.995,adaptive_temporal,164,1.0,4.207291,500,7,2
0.995,adaptive_temporal,165,1.0,4.110542,500,15,2
0.995,adaptive_temporal,166,1.0,6.35375,1000,8,3
0.995,adaptive_temporal,167,1.0,8.758959,2000,15,4
0.995,adaptive_temporal,168,1.0,1.980042,250,6,1
0.995,adaptive_temporal,169,1.0,4.0455,500,11,2
0.995,adaptive_temporal,170,1.0,4.174375,500,13,2
0.995,adaptive_temporal,171,1.0,4.206792,500,6,2
0.995,adaptive_temporal,172,1.0,8.552542,2000,17,4
0.995,adaptive_temporal,173,1.0,6.126709,1000,7,3
0.995,adaptive_temporal,174,1.0,2.217333,250,5,1
0.995,adaptive_temporal,175,1.0,4.061541,500,10,2
0.995,adaptive_temporal,176,1.0,4.074208,500,9,2
0.995,adaptive_temporal,177,1.0,12.357667,4000,24,5
0.995,adaptive_temporal,178,1.0,6.603583,1000,16,3
0.995,adaptive_temporal,179,1.0,6.92925,1000,20,3
0.995,adaptive_temporal,180,1.0,6.354334,1000,8,3
0.995,adaptive_temporal,181,1.0,4.1355,500,7,2
0.995,adaptive_temporal,182,1.0,4.554625,500,8,2
0.995,adaptive_temporal,183,1.0,8.06075,500,9,2
0.995,adaptive_temporal,184,1.0,4.317208,500,13,2
0.995,adaptive_temporal,185,1.0,7.297,1000,8,3
0.995,adaptive_temporal,186,1.0,7.047917,1000,24,3
0.995,adaptive_temporal,187,1.0,9.388583,2000,8,4
0.995,adaptive_temporal,188,1.0,4.642125,500,10,2
0.995,adaptive_temporal,189,1.0,1.962542,250,7,1
0.995,adaptive_temporal,190,1.0,6.776041,1000,11,3
0.995,adaptive_temporal,191,1.0,4.330625,500,9,2
0.995,adaptive_temporal,192,1.0,6.948208,1000,8,3
0.995,adaptive_temporal,193,1.0,4.537791,500,17,2
0.995,adaptive_temporal,194,1.0,4.408708,500,9,2
0.995,adaptive_temporal,195,1.0,9.888583,2000,26,4
0.995,adaptive_temporal,196,1.0,9.727459,2000,18,4
0.995,adaptive_temporal,197,1.0,4.453583,500,13,2
0.995,adaptive_temporal,198,1.0,7.374083,1000,9,3
0.995,adaptive_temporal,199,1.0,6.637458,1000,11,3
0.99,exhaustive_weighted,0,1.0,11.235208,50000,50000,0
0.99,exhaustive_weighted,1,1.0,11.16425,50000,50000,0
0.99,exhaustive_weighted,2,1.0,11.0515,50000,50000,0
0.99,exhaustive_weighted,3,1.0,10.36575,50000,50000,0
0.99,exhaustive_weighted,4,1.0,11.193083,50000,50000,0
0.99,exhaustive_weighted,5,1.0,11.258958,50000,50000,0
0.99,exhaustive_weighted,6,1.0,11.088292,50000,50000,0
0.99,exhaustive_weighted,7,1.0,11.150292,50000,50000,0
0.99,exhaustive_weighted,8,1.0,10.829708,50000,50000,0
0.99,exhaustive_weighted,9,1.0,11.854792,50000,50000,0
0.99,exhaustive_weighted,10,1.0,10.542541,50000,50000,0
0.99,exhaustive_weighted,11,1.0,11.644167,50000,50000,0
0.99,exhaustive_weighted,12,1.0,10.2005,50000,50000,0
0.99,exhaustive_weighted,13,1.0,11.516542,50000,50000,0
0.99,exhaustive_weighted,14,1.0,11.882625,50000,50000,0
0.99,exhaustive_weighted,15,1.0,10.717458,50000,50000,0
0.99,exhaustive_weighted,16,1.0,11.575083,50000,50000,0
0.99,exhaustive_weighted,17,1.0,11.474459,50000,50000,0
0.99,exhaustive_weighted,18,1.0,11.631834,50000,50000,0
0.99,exhaustive_weighted,19,1.0,10.912584,50000,50000,0
0.99,exhaustive_weighted,20,1.0,10.876958,50000,50000,0
0.99,exhaustive_weighted,21,1.0,9.911792,50000,50000,0
0.99,exhaustive_weighted,22,1.0,11.233542,50000,50000,0
0.99,exhaustive_weighted,23,1.0,11.562791,50000,50000,0
0.99,exhaustive_weighted,24,1.0,11.05875,50000,50000,0
0.99,exhaustive_weighted,25,1.0,10.8735,50000,50000,0
0.99,exhaustive_weighted,26,1.0,11.090959,50000,50000,0
0.99,exhaustive_weighted,27,1.0,11.019375,50000,50000,0
0.99,exhaustive_weighted,28,1.0,10.59,50000,50000,0
0.99,exhaustive_weighted,29,1.0,11.502459,50000,50000,0
0.99,exhaustive_weighted,30,1.0,11.156417,50000,50000,0
0.99,exhaustive_weighted,31,1.0,11.380791,50000,50000,0
0.99,exhaustive_weighted,32,1.0,10.053334,50000,50000,0
0.99,exhaustive_weighted,33,1.0,10.59775,50000,50000,0
0.99,exhaustive_weighted,34,1.0,9.932208,50000,50000,0
0.99,exhaustive_weighted,35,1.0,12.114041,50000,50000,0
0.99,exhaustive_weighted,36,1.0,10.597458,50000,50000,0
0.99,exhaustive_weighted,37,1.0,11.105666,50000,50000,0
0.99,exhaustive_weighted,38,1.0,10.063125,50000,50000,0
0.99,exhaustive_weighted,39,1.0,10.840417,50000,50000,0
0.99,exhaustive_weighted,40,1.0,11.67975,50000,50000,0
0.99,exhaustive_weighted,41,1.0,23.470709,50000,50000,0
0.99,exhaustive_weighted,42,1.0,18.777125,50000,50000,0
0.99,exhaustive_weighted,43,1.0,15.994542,50000,50000,0
0.99,exhaustive_weighted,44,1.0,10.997209,50000,50000,0
0.99,exhaustive_weighted,45,1.0,10.432667,50000,50000,0
0.99,exhaustive_weighted,46,1.0,11.029625,50000,50000,0
0.99,exhaustive_weighted,47,1.0,10.924541,50000,50000,0
0.99,exhaustive_weighted,48,1.0,11.231958,50000,50000,0
0.99,exhaustive_weighted,49,1.0,10.418125,50000,50000,0
0.99,exhaustive_weighted,50,1.0,10.787292,50000,50000,0
0.99,exhaustive_weighted,51,1.0,10.964958,50000,50000,0
0.99,exhaustive_weighted,52,1.0,11.193334,50000,50000,0
0.99,exhaustive_weighted,53,1.0,10.722709,50000,50000,0
0.99,exhaustive_weighted,54,1.0,11.629416,50000,50000,0
0.99,exhaustive_weighted,55,1.0,10.39225,50000,50000,0
0.99,exhaustive_weighted,56,1.0,11.770083,50000,50000,0
0.99,exhaustive_weighted,57,1.0,11.854458,50000,50000,0
0.99,exhaustive_weighted,58,1.0,10.639375,50000,50000,0
0.99,exhaustive_weighted,59,1.0,11.486583,50000,50000,0
0.99,exhaustive_weighted,60,1.0,10.564542,50000,50000,0
0.99,exhaustive_weighted,61,1.0,11.280667,50000,50000,0
0.99,exhaustive_weighted,62,1.0,11.3075,50000,50000,0
0.99,exhaustive_weighted,63,1.0,11.455083,50000,50000,0
0.99,exhaustive_weighted,64,1.0,9.934375,50000,50000,0
0.99,exhaustive_weighted,65,1.0,12.17875,50000,50000,0
0.99,exhaustive_weighted,66,1.0,11.588667,50000,50000,0
0.99,exhaustive_weighted,67,1.0,11.513833,50000,50000,0
0.99,exhaustive_weighted,68,1.0,10.656166,50000,50000,0
0.99,exhaustive_weighted,69,1.0,11.574416,50000,50000,0
0.99,exhaustive_weighted,70,1.0,11.781958,50000,50000,0
0.99,exhaustive_weighted,71,1.0,10.458833,50000,50000,0
0.99,exhaustive_weighted,72,1.0,11.53075,50000,50000,0
0.99,exhaustive_weighted,73,1.0,11.565833,50000,50000,0
0.99,exhaustive_weighted,74,1.0,11.282541,50000,50000,0
0.99,exhaustive_weighted,75,1.0,10.829875,50000,50000,0
0.99,exhaustive_weighted,76,1.0,11.437625,50000,50000,0
0.99,exhaustive_weighted,77,1.0,9.5045,50000,50000,0
0.99,exhaustive_weighted,78,1.0,11.595583,50000,50000,0
0.99,exhaustive_weighted,79,1.0,10.949583,50000,50000,0
0.99,exhaustive_weighted,80,1.0,10.369834,50000,50000,0
0.99,exhaustive_weighted,81,1.0,10.709,50000,50000,0
0.99,exhaustive_weighted,82,1.0,9.559208,50000,50000,0
0.99,exhaustive_weighted,83,1.0,10.026333,50000,50000,0
0.99,exhaustive_weighted,84,1.0,9.842917,50000,50000,0
0.99,exhaustive_weighted,85,1.0,9.832208,50000,50000,0
0.99,exhaustive_weighted,86,1.0,10.037917,50000,50000,0
0.99,exhaustive_weighted,87,1.0,10.587584,50000,50000,0
0.99,exhaustive_weighted,88,1.0,9.575833,50000,50000,0
0.99,exhaustive_weighted,89,1.0,10.099125,50000,50000,0
0.99,exhaustive_weighted,90,1.0,9.4345,50000,50000,0
0.99,exhaustive_weighted,91,1.0,10.600917,50000,50000,0
0.99,exhaustive_weighted,92,1.0,10.152834,50000,50000,0
0.99,exhaustive_weighted,93,1.0,9.548416,50000,50000,0
0.99,exhaustive_weighted,94,1.0,10.506,50000,50000,0
0.99,exhaustive_weighted,95,1.0,9.444875,50000,50000,0
0.99,exhaustive_weighted,96,1.0,10.354125,50000,50000,0
0.99,exhaustive_weighted,97,1.0,10.202625,50000,50000,0
0.99,exhaustive_weighted,98,1.0,9.936208,50000,50000,0
0.99,exhaustive_weighted,99,1.0,10.537417,50000,50000,0
0.99,exhaustive_weighted,100,1.0,10.052958,50000,50000,0
0.99,exhaustive_weighted,101,1.0,10.093167,50000,50000,0
0.99,exhaustive_weighted,102,1.0,10.017375,50000,50000,0
0.99,exhaustive_weighted,103,1.0,10.246958,50000,50000,0
0.99,exhaustive_weighted,104,1.0,10.74825,50000,50000,0
0.99,exhaustive_weighted,105,1.0,10.14175,50000,50000,0
0.99,exhaustive_weighted,106,1.0,10.205125,50000,50000,0
0.99,exhaustive_weighted,107,1.0,10.171334,50000,50000,0
0.99,exhaustive_weighted,108,1.0,10.297917,50000,50000,0
0.99,exhaustive_weighted,109,1.0,10.082333,50000,50000,0
0.99,exhaustive_weighted,110,1.0,9.925834,50000,50000,0
0.99,exhaustive_weighted,111,1.0,9.159416,50000,50000,0
0.99,exhaustive_weighted,112,1.0,10.215625,50000,50000,0
0.99,exhaustive_weighted,113,1.0,9.872083,50000,50000,0
0.99,exhaustive_weighted,114,1.0,10.375792,50000,50000,0
0.99,exhaustive_weighted,115,1.0,10.266,50000,50000,0
0.99,exhaustive_weighted,116,1.0,10.141084,50000,50000,0
0.99,exhaustive_weighted,117,1.0,9.855083,50000,50000,0
0.99,exhaustive_weighted,118,1.0,9.862667,50000,50000,0
0.99,exhaustive_weighted,119,1.0,9.160834,50000,50000,0
0.99,exhaustive_weighted,120,1.0,10.826417,50000,50000,0
0.99,exhaustive_weighted,121,1.0,9.530958,50000,50000,0
0.99,exhaustive_weighted,122,1.0,10.054333,50000,50000,0
0.99,exhaustive_weighted,123,1.0,9.352208,50000,50000,0
0.99,exhaustive_weighted,124,1.0,10.722708,50000,50000,0
0.99,exhaustive_weighted,125,1.0,10.563792,50000,50000,0
0.99,exhaustive_weighted,126,1.0,10.06725,50000,50000,0
0.99,exhaustive_weighted,127,1.0,9.5,50000,50000,0
0.99,exhaustive_weighted,128,1.0,9.197,50000,50000,0
0.99,exhaustive_weighted,129,1.0,10.097542,50000,50000,0
0.99,exhaustive_weighted,130,1.0,9.907792,50000,50000,0
0.99,exhaustive_weighted,131,1.0,9.822417,50000,50000,0
0.99,exhaustive_weighted,132,1.0,9.849625,50000,50000,0
0.99,exhaustive_weighted,133,1.0,10.38375,50000,50000,0
0.99,exhaustive_weighted,134,1.0,10.407625,50000,50000,0
0.99,exhaustive_weighted,135,1.0,9.959958,50000,50000,0
0.99,exhaustive_weighted,136,1.0,9.108875,50000,50000,0
0.99,exhaustive_weighted,137,1.0,10.411875,50000,50000,0
0.99,exhaustive_weighted,138,1.0,9.832667,50000,50000,0
0.99,exhaustive_weighted,139,1.0,10.322542,50000,50000,0
0.99,exhaustive_weighted,140,1.0,9.138584,50000,50000,0
0.99,exhaustive_weighted,141,1.0,10.122667,50000,50000,0
0.99,exhaustive_weighted,142,1.0,9.765583,50000,50000,0
0.99,exhaustive_weighted,143,1.0,9.589792,50000,50000,0
0.99,exhaustive_weighted,144,1.0,10.365125,50000,50000,0
0.99,exhaustive_weighted,145,1.0,10.007875,50000,50000,0
0.99,exhaustive_weighted,146,1.0,10.025625,50000,50000,0
0.99,exhaustive_weighted,147,1.0,10.128666,50000,50000,0
0.99,exhaustive_weighted,148,1.0,9.580125,50000,50000,0
0.99,exhaustive_weighted,149,1.0,9.739542,50000,50000,0
0.99,exhaustive_weighted,150,1.0,9.961708,50000,50000,0
0.99,exhaustive_weighted,151,1.0,10.519083,50000,50000,0
0.99,exhaustive_weighted,152,1.0,9.891208,50000,50000,0
0.99,exhaustive_weighted,153,1.0,10.473541,50000,50000,0
0.99,exhaustive_weighted,154,1.0,8.975666,50000,50000,0
0.99,exhaustive_weighted,155,1.0,9.161042,50000,50000,0
0.99,exhaustive_weighted,156,1.0,8.771417,50000,50000,0
0.99,exhaustive_weighted,157,1.0,7.717875,50000,50000,0
0.99,exhaustive_weighted,158,1.0,9.134542,50000,50000,0
0.99,exhaustive_weighted,159,1.0,7.89725,50000,50000,0
0.99,exhaustive_weighted,160,1.0,8.372542,50000,50000,0
0.99,exhaustive_weighted,161,1.0,10.034167,50000,50000,0
0.99,exhaustive_weighted,162,1.0,8.737292,50000,50000,0
0.99,exhaustive_weighted,163,1.0,9.17325,50000,50000,0
0.99,exhaustive_weighted,164,1.0,8.219417,50000,50000,0
0.99,exhaustive_weighted,165,1.0,8.158541,50000,50000,0
0.99,exhaustive_weighted,166,1.0,9.039042,50000,50000,0
0.99,exhaustive_weighted,167,1.0,8.5525,50000,50000,0
0.99,exhaustive_weighted,168,1.0,8.064416,50000,50000,0
0.99,exhaustive_weighted,169,1.0,9.161625,50000,50000,0
0.99,exhaustive_weighted,170,1.0,8.513875,50000,50000,0
0.99,exhaustive_weighted,171,1.0,9.854875,50000,50000,0
0.99,exhaustive_weighted,172,1.0,8.647542,50000,50000,0
0.99,exhaustive_weighted,173,1.0,9.462667,50000,50000,0
0.99,exhaustive_weighted,174,1.0,10.413708,50000,50000,0
0.99,exhaustive_weighted,175,1.0,9.617209,50000,50000,0
0.99,exhaustive_weighted,176,1.0,10.101,50000,50000,0
0.99,exhaustive_weighted,177,1.0,10.263417,50000,50000,0
0.99,exhaustive_weighted,178,1.0,10.589291,50000,50000,0
0.99,exhaustive_weighted,179,1.0,9.95875,50000,50000,0
0.99,exhaustive_weighted,180,1.0,9.095333,50000,50000,0
0.99,exhaustive_weighted,181,1.0,9.947458,50000,50000,0
0.99,exhaustive_weighted,182,1.0,9.935667,50000,50000,0
0.99,exhaustive_weighted,183,1.0,9.6395,50000,50000,0
0.99,exhaustive_weighted,184,1.0,9.867416,50000,50000,0
0.99,exhaustive_weighted,185,1.0,10.1645,50000,50000,0
0.99,exhaustive_weighted,186,1.0,9.419417,50000,50000,0
0.99,exhaustive_weighted,187,1.0,10.224333,50000,50000,0
0.99,exhaustive_weighted,188,1.0,10.456667,50000,50000,0
0.99,exhaustive_weighted,189,1.0,9.338125,50000,50000,0
0.99,exhaustive_weighted,190,1.0,10.310333,50000,50000,0
0.99,exhaustive_weighted,191,1.0,9.577125,50000,50000,0
0.99,exhaustive_weighted,192,1.0,9.666958,50000,50000,0
0.99,exhaustive_weighted,193,1.0,10.504708,50000,50000,0
0.99,exhaustive_weighted,194,1.0,9.688125,50000,50000,0
0.99,exhaustive_weighted,195,1.0,10.080583,50000,50000,0
0.99,exhaustive_weighted,196,1.0,10.137083,50000,50000,0
0.99,exhaustive_weighted,197,1.0,9.700084,50000,50000,0
0.99,exhaustive_weighted,198,1.0,10.203792,50000,50000,0
0.99,exhaustive_weighted,199,1.0,10.086,50000,50000,0
0.99,certified_scan,0,1.0,0.361791,416,416,0
0.99,certified_scan,1,1.0,0.831834,928,928,0
0.99,certified_scan,2,1.0,0.390917,384,384,0
0.99,certified_scan,3,1.0,0.632666,672,672,0
0.99,certified_scan,4,1.0,1.255125,1120,1120,0
0.99,certified_scan,5,1.0,1.189166,1216,1216,0
0.99,certified_scan,6,1.0,1.712042,1952,1952,0
0.99,certified_scan,7,1.0,0.573958,384,384,0
0.99,certified_scan,8,1.0,0.614041,608,608,0
0.99,certified_scan,9,1.0,0.650292,640,640,0
0.99,certified_scan,10,1.0,0.304875,288,288,0
0.99,certified_scan,11,1.0,0.272125,288,288,0
0.99,certified_scan,12,1.0,0.227792,224,224,0
0.99,certified_scan,13,1.0,0.432375,384,384,0
0.99,certified_scan,14,1.0,0.497916,480,480,0
0.99,certified_scan,15,1.0,0.331667,320,320,0
0.99,certified_scan,16,1.0,1.793625,1952,1952,0
0.99,certified_scan,17,1.0,0.45775,448,448,0
0.99,certified_scan,18,1.0,0.2055,160,160,0
0.99,certified_scan,19,1.0,0.90125,640,640,0
0.99,certified_scan,20,1.0,0.313917,192,192,0
0.99,certified_scan,21,1.0,1.047833,1024,1024,0
0.99,certified_scan,22,1.0,0.54275,576,576,0
0.99,certified_scan,23,1.0,0.395167,384,384,0
0.99,certified_scan,24,1.0,0.287875,288,288,0
0.99,certified_scan,25,1.0,0.7715,768,768,0
0.99,certified_scan,26,1.0,0.61825,640,640,0
0.99,certified_scan,27,1.0,0.472125,384,384,0
0.99,certified_scan,28,1.0,0.335833,288,288,0
0.99,certified_scan,29,1.0,0.428542,480,480,0
0.99,certified_scan,30,1.0,1.74175,1856,1856,0
0.99,certified_scan,31,1.0,0.494041,512,512,0
0.99,certified_scan,32,1.0,0.292542,256,256,0
0.99,certified_scan,33,1.0,0.618166,704,704,0
0.99,certified_scan,34,1.0,0.526834,576,576,0
0.99,certified_scan,35,1.0,0.687875,768,768,0
0.99,certified_scan,36,1.0,0.976792,1184,1184,0
0.99,certified_scan,37,1.0,0.502709,512,512,0
0.99,certified_scan,38,1.0,1.747292,1952,1952,0
0.99,certified_scan,39,1.0,0.678209,640,640,0
0.99,certified_scan,40,1.0,0.534917,640,640,0
0.99,certified_scan,41,1.0,0.432958,448,448,0
0.99,certified_scan,42,1.0,0.98725,1024,1024,0
0.99,certified_scan,43,1.0,0.419166,288,288,0
0.99,certified_scan,44,1.0,0.243916,224,224,0
0.99,certified_scan,45,1.0,0.647791,672,672,0
0.99,certified_scan,46,1.0,0.230084,192,192,0
0.99,certified_scan,47,1.0,1.633167,1952,1952,0
0.99,certified_scan,48,1.0,0.499,480,480,0
0.99,certified_scan,49,1.0,0.397583,416,416,0
0.99,certified_scan,50,1.0,0.549833,736,736,0
0.99,certified_scan,51,1.0,1.880417,1952,1952,0
0.99,certified_scan,52,1.0,0.335875,256,256,0
0.99,certified_scan,53,1.0,0.367542,320,320,0
0.99,certified_scan,54,1.0,0.45775,448,448,0
0.99,certified_scan,55,1.0,0.283667,256,256,0
0.99,certified_scan,56,1.0,0.940333,960,960,0
0.99,certified_scan,57,1.0,0.856959,928,928,0
0.99,certified_scan,58,1.0,0.875125,1024,1024,0
0.99,certified_scan,59,1.0,0.830584,896,896,0
0.99,certified_scan,60,1.0,1.238791,1376,1376,0
0.99,certified_scan,61,1.0,0.483334,480,480,0
0.99,certified_scan,62,1.0,0.370542,448,448,0
0.99,certified_scan,63,1.0,0.659917,768,768,0
0.99,certified_scan,64,1.0,0.317959,320,320,0
0.99,certified_scan,65,1.0,0.946333,1024,1024,0
0.99,certified_scan,66,1.0,0.35775,320,320,0
0.99,certified_scan,67,1.0,0.264292,224,224,0
0.99,certified_scan,68,1.0,0.222417,192,192,0
0.99,certified_scan,69,1.0,0.691625,704,704,0
0.99,certified_scan,70,1.0,0.902292,672,672,0
0.99,certified_scan,71,1.0,0.499084,512,512,0
0.99,certified_scan,72,1.0,0.435583,448,448,0
0.99,certified_scan,73,1.0,0.233584,224,224,0
0.99,certified_scan,74,1.0,0.447375,576,576,0
0.99,certified_scan,75,1.0,0.852583,896,896,0
0.99,certified_scan,76,1.0,0.589917,640,640,0
0.99,certified_scan,77,1.0,0.584334,736,736,0
0.99,certified_scan,78,1.0,0.667042,736,736,0
0.99,certified_scan,79,1.0,0.594084,384,384,0
0.99,certified_scan,80,1.0,1.168583,832,832,0
0.99,certified_scan,81,1.0,0.541584,480,480,0
0.99,certified_scan,82,1.0,0.290417,256,256,0
0.99,certified_scan,83,1.0,0.233875,256,256,0
0.99,certified_scan,84,1.0,0.438583,480,480,0
0.99,certified_scan,85,1.0,0.428208,416,416,0
0.99,certified_scan,86,1.0,0.374792,416,416,0
0.99,certified_scan,87,1.0,0.274,256,256,0
0.99,certified_scan,88,1.0,0.424292,480,480,0
0.99,certified_scan,89,1.0,0.18325,160,160,0
0.99,certified_scan,90,1.0,0.728375,832,832,0
0.99,certified_scan,91,1.0,0.518292,448,448,0
0.99,certified_scan,92,1.0,0.63125,736,736,0
0.99,certified_scan,93,1.0,0.424375,448,448,0
0.99,certified_scan,94,1.0,0.220375,160,160,0
0.99,certified_scan,95,1.0,0.686459,800,800,0
0.99,certified_scan,96,1.0,0.448458,416,416,0
0.99,certified_scan,97,1.0,0.393875,384,384,0
0.99,certified_scan,98,1.0,1.457625,1472,1472,0
0.99,certified_scan,99,1.0,0.456333,384,384,0
0.99,certified_scan,100,1.0,0.476084,352,352,0
0.99,certified_scan,101,1.0,0.684334,736,736,0
0.99,certified_scan,102,1.0,0.584959,736,736,0
0.99,certified_scan,103,1.0,0.79675,896,896,0
0.99,certified_scan,104,1.0,0.394334,352,352,0
0.99,certified_scan,105,1.0,0.624041,704,704,0
0.99,certified_scan,106,1.0,0.373916,352,352,0
0.99,certified_scan,107,1.0,0.321166,320,320,0
0.99,certified_scan,108,1.0,0.359958,416,416,0
0.99,certified_scan,109,1.0,0.256042,224,224,0
0.99,certified_scan,110,1.0,0.373667,448,448,0
0.99,certified_scan,111,1.0,0.207334,192,192,0
0.99,certified_scan,112,1.0,1.052292,928,928,0
0.99,certified_scan,113,1.0,2.554292,2016,2016,0
0.99,certified_scan,114,1.0,0.358167,320,320,0
0.99,certified_scan,115,1.0,0.227875,256,256,0
0.99,certified_scan,116,1.0,0.350958,384,384,0
0.99,certified_scan,117,1.0,0.259625,288,288,0
0.99,certified_scan,118,1.0,0.18575,160,160,0
0.99,certified_scan,119,1.0,0.238583,256,256,0
0.99,certified_scan,120,1.0,0.412875,480,480,0
0.99,certified_scan,121,1.0,0.324541,320,320,0
0.99,certified_scan,122,1.0,0.615208,704,704,0
0.99,certified_scan,123,1.0,0.663625,672,672,0
0.99,certified_scan,124,1.0,0.326458,320,320,0
0.99,certified_scan,125,1.0,0.192584,160,160,0
0.99,certified_scan,126,1.0,0.4635,576,576,0
0.99,certified_scan,127,1.0,1.848167,2016,2016,0
0.99,certified_scan,128,1.0,0.334708,288,288,0
0.99,certified_scan,129,1.0,0.430708,480,480,0
0.99,certified_scan,130,1.0,0.502625,576,576,0
0.99,certified_scan,131,1.0,0.424875,416,416,0
0.99,certified_scan,132,1.0,0.473083,544,544,0
0.99,certified_scan,133,1.0,0.430541,480,480,0
0.99,certified_scan,134,1.0,0.236042,192,192,0
0.99,certified_scan,135,1.0,0.344458,384,384,0
0.99,certified_scan,136,1.0,0.282708,256,256,0
0.99,certified_scan,137,1.0,0.851875,1024,1024,0
0.99,certified_scan,138,1.0,0.707417,672,672,0
0.99,certified_scan,139,1.0,0.289209,320,320,0
0.99,certified_scan,140,1.0,0.542584,736,736,0
0.99,certified_scan,141,1.0,0.748709,672,672,0
0.99,certified_scan,142,1.0,1.25925,960,960,0
0.99,certified_scan,143,1.0,1.196917,960,960,0
0.99,certified_scan,144,1.0,0.837291,864,864,0
0.99,certified_scan,145,1.0,0.296917,256,256,0
0.99,certified_scan,146,1.0,1.266667,1440,1440,0
0.99,certified_scan,147,1.0,1.021541,1056,1056,0
0.99,certified_scan,148,1.0,0.358458,288,288,0
0.99,certified_scan,149,1.0,0.6015,544,544,0
0.99,certified_scan,150,1.0,1.190708,1120,1120,0
0.99,certified_scan,151,1.0,0.774041,576,576,0
0.99,certified_scan,152,1.0,0.640084,576,576,0
0.99,certified_scan,153,1.0,0.337458,224,224,0
0.99,certified_scan,154,1.0,0.246667,224,224,0
0.99,certified_scan,155,1.0,0.273333,256,256,0
0.99,certified_scan,156,1.0,0.59625,640,640,0
0.99,certified_scan,157,1.0,0.228125,160,160,0
0.99,certified_scan,158,1.0,0.757917,768,768,0
0.99,certified_scan,159,1.0,0.278916,224,224,0
0.99,certified_scan,160,1.0,1.00675,1056,1056,0
0.99,certified_scan,161,1.0,1.102583,672,672,0
0.99,certified_scan,162,1.0,0.65725,704,704,0
0.99,certified_scan,163,1.0,0.520667,384,384,0
0.99,certified_scan,164,1.0,0.327084,416,416,0
0.99,certified_scan,165,1.0,0.301833,320,320,0
0.99,certified_scan,166,1.0,1.062792,928,928,0
0.99,certified_scan,167,1.0,1.601625,1376,1376,0
0.99,certified_scan,168,1.0,0.211459,128,128,0
0.99,certified_scan,169,1.0,0.323333,320,320,0
0.99,certified_scan,170,1.0,0.43975,384,384,0
0.99,certified_scan,171,1.0,0.381833,448,448,0
0.99,certified_scan,172,1.0,1.418625,1472,1472,0
0.99,certified_scan,173,1.0,0.719875,800,800,0
0.99,certified_scan,174,1.0,0.268125,224,224,0
0.99,certified_scan,175,1.0,0.369875,352,352,0
0.99,certified_scan,176,1.0,0.4485,448,448,0
0.99,certified_scan,177,1.0,1.871625,2016,2016,0
0.99,certified_scan,178,1.0,0.533875,512,512,0
0.99,certified_scan,179,1.0,0.467584,544,544,0
0.99,certified_scan,180,1.0,0.849125,928,928,0
0.99,certified_scan,181,1.0,0.312167,320,320,0
0.99,certified_scan,182,1.0,0.395292,480,480,0
0.99,certified_scan,183,1.0,0.254333,320,320,0
0.99,certified_scan,184,1.0,0.2565,288,288,0
0.99,certified_scan,185,1.0,0.814959,864,864,0
0.99,certified_scan,186,1.0,0.497875,480,480,0
0.99,certified_scan,187,1.0,1.692667,1952,1952,0
0.99,certified_scan,188,1.0,0.375833,384,384,0
0.99,certified_scan,189,1.0,0.182958,160,160,0
0.99,certified_scan,190,1.0,0.568084,768,768,0
0.99,certified_scan,191,1.0,0.400875,416,416,0
0.99,certified_scan,192,1.0,1.058958,864,864,0
0.99,certified_scan,193,1.0,0.278667,256,256,0
0.99,certified_scan,194,1.0,0.392708,416,416,0
0.99,certified_scan,195,1.0,0.964625,1024,1024,0
0.99,certified_scan,196,1.0,1.158167,1216,1216,0
0.99,certified_scan,197,1.0,0.29875,256,256,0
0.99,certified_scan,198,1.0,0.686791,800,800,0
0.99,certified_scan,199,1.0,0.614875,640,640,0
0.99,ordinary_hnsw,0,0.0,8.29275,50000,100,1
0.99,ordinary_hnsw,1,0.2,7.682,50000,100,1
0.99,ordinary_hnsw,2,0.2,7.548667,50000,100,1
0.99,ordinary_hnsw,3,0.0,7.444875,50000,100,1
0.99,ordinary_hnsw,4,0.2,8.396834,50000,100,1
0.99,ordinary_hnsw,5,0.6,7.395834,50000,100,1
0.99,ordinary_hnsw,6,0.2,7.726708,50000,100,1
0.99,ordinary_hnsw,7,0.0,7.565166,50000,100,1
0.99,ordinary_hnsw,8,0.2,8.344416,50000,100,1
0.99,ordinary_hnsw,9,0.0,7.465666,50000,100,1
0.99,ordinary_hnsw,10,0.4,7.487916,50000,100,1
0.99,ordinary_hnsw,11,0.4,7.490125,50000,100,1
0.99,ordinary_hnsw,12,0.4,7.894625,50000,100,1
0.99,ordinary_hnsw,13,0.0,8.898958,50000,100,1
0.99,ordinary_hnsw,14,0.2,8.957333,50000,100,1
0.99,ordinary_hnsw,15,0.2,7.753083,50000,100,1
0.99,ordinary_hnsw,16,0.2,8.596291,50000,100,1
0.99,ordinary_hnsw,17,0.6,8.279083,50000,100,1
0.99,ordinary_hnsw,18,0.0,8.617584,50000,100,1
0.99,ordinary_hnsw,19,0.0,7.680959,50000,100,1
0.99,ordinary_hnsw,20,0.2,8.736958,50000,100,1
0.99,ordinary_hnsw,21,0.2,7.44525,50000,100,1
0.99,ordinary_hnsw,22,0.6,7.255792,50000,100,1
0.99,ordinary_hnsw,23,0.6,8.359584,50000,100,1
0.99,ordinary_hnsw,24,0.4,7.888209,50000,100,1
0.99,ordinary_hnsw,25,0.6,8.248375,50000,100,1
0.99,ordinary_hnsw,26,0.2,7.177167,50000,100,1
0.99,ordinary_hnsw,27,0.2,8.194542,50000,100,1
0.99,ordinary_hnsw,28,0.4,7.764834,50000,100,1
0.99,ordinary_hnsw,29,0.0,7.561792,50000,100,1
0.99,ordinary_hnsw,30,1.0,6.875167,50000,100,1
0.99,ordinary_hnsw,31,0.0,8.795542,50000,100,1
0.99,ordinary_hnsw,32,0.2,7.912,50000,100,1
0.99,ordinary_hnsw,33,0.2,7.620625,50000,100,1
0.99,ordinary_hnsw,34,0.2,7.633667,50000,100,1
0.99,ordinary_hnsw,35,0.2,7.968958,50000,100,1
0.99,ordinary_hnsw,36,0.4,7.326792,50000,100,1
0.99,ordinary_hnsw,37,0.2,8.020458,50000,100,1
0.99,ordinary_hnsw,38,0.0,8.101792,50000,100,1
0.99,ordinary_hnsw,39,0.2,7.751834,50000,100,1
0.99,ordinary_hnsw,40,0.2,7.788334,50000,100,1
0.99,ordinary_hnsw,41,0.0,7.750709,50000,100,1
0.99,ordinary_hnsw,42,0.2,8.38675,50000,100,1
0.99,ordinary_hnsw,43,0.2,7.418333,50000,100,1
0.99,ordinary_hnsw,44,0.0,7.890541,50000,100,1
0.99,ordinary_hnsw,45,0.6,7.826333,50000,100,1
0.99,ordinary_hnsw,46,0.2,8.842083,50000,100,1
0.99,ordinary_hnsw,47,0.2,7.389292,50000,100,1
0.99,ordinary_hnsw,48,0.0,7.3605,50000,100,1
0.99,ordinary_hnsw,49,0.4,7.850208,50000,100,1
0.99,ordinary_hnsw,50,0.2,8.193792,50000,100,1
0.99,ordinary_hnsw,51,0.4,7.3005,50000,100,1
0.99,ordinary_hnsw,52,0.4,7.714458,50000,100,1
0.99,ordinary_hnsw,53,0.0,8.977792,50000,100,1
0.99,ordinary_hnsw,54,0.2,8.702709,50000,100,1
0.99,ordinary_hnsw,55,0.0,7.7925,50000,100,1
0.99,ordinary_hnsw,56,0.4,7.915458,50000,100,1
0.99,ordinary_hnsw,57,0.4,7.461,50000,100,1
0.99,ordinary_hnsw,58,0.2,7.745167,50000,100,1
0.99,ordinary_hnsw,59,0.4,7.637583,50000,100,1
0.99,ordinary_hnsw,60,0.2,7.826625,50000,100,1
0.99,ordinary_hnsw,61,0.4,8.041083,50000,100,1
0.99,ordinary_hnsw,62,0.2,7.077166,50000,100,1
0.99,ordinary_hnsw,63,0.2,7.321125,50000,100,1
0.99,ordinary_hnsw,64,0.4,7.412125,50000,100,1
0.99,ordinary_hnsw,65,0.2,7.767083,50000,100,1
0.99,ordinary_hnsw,66,0.0,8.083833,50000,100,1
0.99,ordinary_hnsw,67,0.0,8.186625,50000,100,1
0.99,ordinary_hnsw,68,0.4,9.082125,50000,100,1
0.99,ordinary_hnsw,69,0.2,7.648083,50000,100,1
0.99,ordinary_hnsw,70,0.0,7.533167,50000,100,1
0.99,ordinary_hnsw,71,0.0,7.603375,50000,100,1
0.99,ordinary_hnsw,72,0.0,8.573792,50000,100,1
0.99,ordinary_hnsw,73,0.0,8.022083,50000,100,1
0.99,ordinary_hnsw,74,0.4,7.033583,50000,100,1
0.99,ordinary_hnsw,75,0.2,8.476459,50000,100,1
0.99,ordinary_hnsw,76,0.0,8.319583,50000,100,1
0.99,ordinary_hnsw,77,0.4,7.773083,50000,100,1
0.99,ordinary_hnsw,78,0.2,7.05375,50000,100,1
0.99,ordinary_hnsw,79,0.0,8.342875,50000,100,1
0.99,ordinary_hnsw,80,0.2,7.064292,50000,100,1
0.99,ordinary_hnsw,81,0.2,6.536417,50000,100,1
0.99,ordinary_hnsw,82,0.2,8.427709,50000,100,1
0.99,ordinary_hnsw,83,0.2,7.360417,50000,100,1
0.99,ordinary_hnsw,84,0.2,8.055083,50000,100,1
0.99,ordinary_hnsw,85,0.0,6.291125,50000,100,1
0.99,ordinary_hnsw,86,0.2,8.017042,50000,100,1
0.99,ordinary_hnsw,87,0.4,7.341125,50000,100,1
0.99,ordinary_hnsw,88,0.0,7.340084,50000,100,1
0.99,ordinary_hnsw,89,0.0,9.071541,50000,100,1
0.99,ordinary_hnsw,90,0.0,7.741583,50000,100,1
0.99,ordinary_hnsw,91,0.4,7.514,50000,100,1
0.99,ordinary_hnsw,92,0.2,6.917583,50000,100,1
0.99,ordinary_hnsw,93,0.4,7.083084,50000,100,1
0.99,ordinary_hnsw,94,0.2,7.851833,50000,100,1
0.99,ordinary_hnsw,95,0.0,7.551166,50000,100,1
0.99,ordinary_hnsw,96,0.2,7.813667,50000,100,1
0.99,ordinary_hnsw,97,0.0,8.017792,50000,100,1
0.99,ordinary_hnsw,98,0.2,7.202083,50000,100,1
0.99,ordinary_hnsw,99,0.6,6.775417,50000,100,1
0.99,ordinary_hnsw,100,0.2,6.556834,50000,100,1
0.99,ordinary_hnsw,101,0.2,6.380708,50000,100,1
0.99,ordinary_hnsw,102,0.0,6.046459,50000,100,1
0.99,ordinary_hnsw,103,0.2,5.969958,50000,100,1
0.99,ordinary_hnsw,104,0.0,6.485625,50000,100,1
0.99,ordinary_hnsw,105,0.2,7.161083,50000,100,1
0.99,ordinary_hnsw,106,0.0,7.325458,50000,100,1
0.99,ordinary_hnsw,107,0.2,7.793375,50000,100,1
0.99,ordinary_hnsw,108,0.0,6.55425,50000,100,1
0.99,ordinary_hnsw,109,0.2,7.101083,50000,100,1
0.99,ordinary_hnsw,110,0.6,6.7365,50000,100,1
0.99,ordinary_hnsw,111,0.0,7.472958,50000,100,1
0.99,ordinary_hnsw,112,0.2,6.779583,50000,100,1
0.99,ordinary_hnsw,113,0.2,6.602542,50000,100,1
0.99,ordinary_hnsw,114,0.0,7.608334,50000,100,1
0.99,ordinary_hnsw,115,0.0,7.127458,50000,100,1
0.99,ordinary_hnsw,116,0.0,8.018666,50000,100,1
0.99,ordinary_hnsw,117,0.2,7.186959,50000,100,1
0.99,ordinary_hnsw,118,0.2,6.913625,50000,100,1
0.99,ordinary_hnsw,119,0.2,8.23675,50000,100,1
0.99,ordinary_hnsw,120,0.0,6.342292,50000,100,1
0.99,ordinary_hnsw,121,0.0,7.714333,50000,100,1
0.99,ordinary_hnsw,122,0.4,6.767,50000,100,1
0.99,ordinary_hnsw,123,0.2,7.6815,50000,100,1
0.99,ordinary_hnsw,124,0.2,7.137959,50000,100,1
0.99,ordinary_hnsw,125,0.4,7.705625,50000,100,1
0.99,ordinary_hnsw,126,0.4,7.157708,50000,100,1
0.99,ordinary_hnsw,127,0.2,7.26025,50000,100,1
0.99,ordinary_hnsw,128,0.4,7.320875,50000,100,1
0.99,ordinary_hnsw,129,0.0,6.496,50000,100,1
0.99,ordinary_hnsw,130,0.2,7.248375,50000,100,1
0.99,ordinary_hnsw,131,0.0,7.338333,50000,100,1
0.99,ordinary_hnsw,132,0.2,9.464416,50000,100,1
0.99,ordinary_hnsw,133,0.2,6.987792,50000,100,1
0.99,ordinary_hnsw,134,0.2,7.71925,50000,100,1
0.99,ordinary_hnsw,135,0.2,7.506125,50000,100,1
0.99,ordinary_hnsw,136,0.2,7.942417,50000,100,1
0.99,ordinary_hnsw,137,0.4,7.224666,50000,100,1
0.99,ordinary_hnsw,138,0.2,7.446208,50000,100,1
0.99,ordinary_hnsw,139,0.4,7.970209,50000,100,1
0.99,ordinary_hnsw,140,0.0,6.725458,50000,100,1
0.99,ordinary_hnsw,141,0.0,7.725417,50000,100,1
0.99,ordinary_hnsw,142,0.4,7.303166,50000,100,1
0.99,ordinary_hnsw,143,0.4,7.985291,50000,100,1
0.99,ordinary_hnsw,144,0.0,6.902333,50000,100,1
0.99,ordinary_hnsw,145,0.2,8.360416,50000,100,1
0.99,ordinary_hnsw,146,0.2,7.886584,50000,100,1
0.99,ordinary_hnsw,147,0.6,7.850458,50000,100,1
0.99,ordinary_hnsw,148,0.0,7.955042,50000,100,1
0.99,ordinary_hnsw,149,0.0,7.481709,50000,100,1
0.99,ordinary_hnsw,150,0.2,6.874458,50000,100,1
0.99,ordinary_hnsw,151,0.2,7.826292,50000,100,1
0.99,ordinary_hnsw,152,0.0,7.334667,50000,100,1
0.99,ordinary_hnsw,153,0.4,7.261084,50000,100,1
0.99,ordinary_hnsw,154,0.2,8.527959,50000,100,1
0.99,ordinary_hnsw,155,0.4,6.668875,50000,100,1
0.99,ordinary_hnsw,156,0.0,6.781083,50000,100,1
0.99,ordinary_hnsw,157,0.4,6.51825,50000,100,1
0.99,ordinary_hnsw,158,0.0,6.165708,50000,100,1
0.99,ordinary_hnsw,159,0.2,6.633291,50000,100,1
0.99,ordinary_hnsw,160,0.0,6.225209,50000,100,1
0.99,ordinary_hnsw,161,0.0,6.454167,50000,100,1
0.99,ordinary_hnsw,162,0.2,7.514958,50000,100,1
0.99,ordinary_hnsw,163,0.0,7.122875,50000,100,1
0.99,ordinary_hnsw,164,0.2,7.355458,50000,100,1
0.99,ordinary_hnsw,165,0.2,6.906,50000,100,1
0.99,ordinary_hnsw,166,0.2,6.416083,50000,100,1
0.99,ordinary_hnsw,167,0.2,6.598667,50000,100,1
0.99,ordinary_hnsw,168,0.2,6.1745,50000,100,1
0.99,ordinary_hnsw,169,0.0,6.128791,50000,100,1
0.99,ordinary_hnsw,170,0.0,6.325625,50000,100,1
0.99,ordinary_hnsw,171,0.6,6.352459,50000,100,1
0.99,ordinary_hnsw,172,0.2,6.566292,50000,100,1
0.99,ordinary_hnsw,173,0.2,6.679333,50000,100,1
0.99,ordinary_hnsw,174,0.4,7.264792,50000,100,1
0.99,ordinary_hnsw,175,0.2,7.239292,50000,100,1
0.99,ordinary_hnsw,176,0.2,7.032458,50000,100,1
0.99,ordinary_hnsw,177,0.2,6.714958,50000,100,1
0.99,ordinary_hnsw,178,0.2,7.26625,50000,100,1
0.99,ordinary_hnsw,179,0.2,7.045667,50000,100,1
0.99,ordinary_hnsw,180,0.2,6.543041,50000,100,1
0.99,ordinary_hnsw,181,0.2,6.638625,50000,100,1
0.99,ordinary_hnsw,182,0.4,7.311,50000,100,1
0.99,ordinary_hnsw,183,0.4,7.516833,50000,100,1
0.99,ordinary_hnsw,184,0.6,8.032708,50000,100,1
0.99,ordinary_hnsw,185,0.0,7.592916,50000,100,1
0.99,ordinary_hnsw,186,0.0,8.372208,50000,100,1
0.99,ordinary_hnsw,187,0.0,6.767042,50000,100,1
0.99,ordinary_hnsw,188,0.4,7.778041,50000,100,1
0.99,ordinary_hnsw,189,0.0,8.104333,50000,100,1
0.99,ordinary_hnsw,190,0.6,7.588208,50000,100,1
0.99,ordinary_hnsw,191,0.2,6.859375,50000,100,1
0.99,ordinary_hnsw,192,0.0,7.802792,50000,100,1
0.99,ordinary_hnsw,193,0.4,7.040292,50000,100,1
0.99,ordinary_hnsw,194,0.4,7.183834,50000,100,1
0.99,ordinary_hnsw,195,0.4,7.154833,50000,100,1
0.99,ordinary_hnsw,196,0.2,6.635208,50000,100,1
0.99,ordinary_hnsw,197,0.0,8.113667,50000,100,1
0.99,ordinary_hnsw,198,0.6,7.295709,50000,100,1
0.99,ordinary_hnsw,199,0.0,7.3965,50000,100,1
0.99,fixed_recency,0,1.0,3.332167,500,6,1
0.99,fixed_recency,1,0.4,3.05625,500,2,1
0.99,fixed_recency,2,1.0,3.389042,500,7,1
0.99,fixed_recency,3,0.8,3.019625,500,4,1
0.99,fixed_recency,4,0.6,3.215875,500,3,1
0.99,fixed_recency,5,0.4,3.432833,500,2,1
0.99,fixed_recency,6,0.2,3.085625,500,1,1
0.99,fixed_recency,7,1.0,3.459042,500,10,1
0.99,fixed_recency,8,0.8,3.149916,500,4,1
0.99,fixed_recency,9,0.8,3.090709,500,4,1
0.99,fixed_recency,10,1.0,3.608625,500,9,1
0.99,fixed_recency,11,1.0,3.120834,500,8,1
0.99,fixed_recency,12,1.0,3.166333,500,8,1
0.99,fixed_recency,13,1.0,3.061958,500,5,1
0.99,fixed_recency,14,1.0,3.066875,500,5,1
0.99,fixed_recency,15,1.0,3.281,500,9,1
0.99,fixed_recency,16,0.2,2.940917,500,1,1
0.99,fixed_recency,17,1.0,3.121,500,6,1
0.99,fixed_recency,18,1.0,3.365166,500,9,1
0.99,fixed_recency,19,0.8,3.184292,500,4,1
0.99,fixed_recency,20,1.0,3.400833,500,11,1
0.99,fixed_recency,21,0.6,3.061542,500,3,1
0.99,fixed_recency,22,0.8,3.016416,500,4,1
0.99,fixed_recency,23,1.0,3.338208,500,8,1
0.99,fixed_recency,24,1.0,3.554042,500,6,1
0.99,fixed_recency,25,0.4,3.360833,500,2,1
0.99,fixed_recency,26,0.8,3.025583,500,4,1
0.99,fixed_recency,27,1.0,3.02475,500,5,1
0.99,fixed_recency,28,1.0,3.416833,500,8,1
0.99,fixed_recency,29,1.0,3.466542,500,5,1
0.99,fixed_recency,30,0.4,3.431541,500,2,1
0.99,fixed_recency,31,1.0,3.463834,500,5,1
0.99,fixed_recency,32,1.0,3.082375,500,7,1
0.99,fixed_recency,33,0.4,3.230042,500,2,1
0.99,fixed_recency,34,0.8,3.510333,500,4,1
0.99,fixed_recency,35,0.4,3.366125,500,2,1
0.99,fixed_recency,36,0.0,3.057416,500,0,1
0.99,fixed_recency,37,1.0,2.994833,500,5,1
0.99,fixed_recency,38,0.2,3.167083,500,1,1
0.99,fixed_recency,39,0.8,3.311625,500,4,1
0.99,fixed_recency,40,0.6,3.210208,500,3,1
0.99,fixed_recency,41,1.0,3.447875,500,6,1
0.99,fixed_recency,42,0.6,3.047667,500,3,1
0.99,fixed_recency,43,1.0,3.256083,500,8,1
0.99,fixed_recency,44,1.0,3.300583,500,6,1
0.99,fixed_recency,45,0.8,3.059667,500,4,1
0.99,fixed_recency,46,1.0,3.669792,500,8,1
0.99,fixed_recency,47,0.2,2.816875,500,1,1
0.99,fixed_recency,48,1.0,2.929458,500,5,1
0.99,fixed_recency,49,1.0,3.181667,500,6,1
0.99,fixed_recency,50,0.4,3.078417,500,2,1
0.99,fixed_recency,51,0.2,3.291083,500,1,1
0.99,fixed_recency,52,1.0,2.922834,500,7,1
0.99,fixed_recency,53,1.0,3.208083,500,9,1
0.99,fixed_recency,54,1.0,3.321875,500,5,1
0.99,fixed_recency,55,1.0,3.221667,500,7,1
0.99,fixed_recency,56,0.8,3.090792,500,4,1
0.99,fixed_recency,57,0.6,3.035042,500,3,1
0.99,fixed_recency,58,0.4,2.891667,500,2,1
0.99,fixed_recency,59,0.4,3.118,500,2,1
0.99,fixed_recency,60,0.2,3.290042,500,1,1
0.99,fixed_recency,61,1.0,3.239458,500,5,1
0.99,fixed_recency,62,1.0,3.389375,500,5,1
0.99,fixed_recency,63,0.4,2.785416,500,2,1
0.99,fixed_recency,64,1.0,2.949,500,6,1
0.99,fixed_recency,65,0.6,3.278083,500,3,1
0.99,fixed_recency,66,1.0,3.248042,500,9,1
0.99,fixed_recency,67,1.0,3.584583,500,15,1
0.99,fixed_recency,68,1.0,2.946917,500,7,1
0.99,fixed_recency,69,0.4,2.9745,500,2,1
0.99,fixed_recency,70,0.8,3.225958,500,4,1
0.99,fixed_recency,71,1.0,3.395625,500,5,1
0.99,fixed_recency,72,1.0,3.66575,500,8,1
0.99,fixed_recency,73,1.0,2.97575,500,10,1
0.99,fixed_recency,74,0.8,3.058292,500,4,1
0.99,fixed_recency,75,0.4,3.234625,500,2,1
0.99,fixed_recency,76,0.8,3.232292,500,4,1
0.99,fixed_recency,77,0.4,3.162916,500,2,1
0.99,fixed_recency,78,0.4,2.918541,500,2,1
0.99,fixed_recency,79,1.0,3.00175,500,8,1
0.99,fixed_recency,80,0.6,3.267,500,3,1
0.99,fixed_recency,81,1.0,3.616709,500,7,1
0.99,fixed_recency,82,1.0,3.35225,500,7,1
0.99,fixed_recency,83,1.0,3.364584,500,8,1
0.99,fixed_recency,84,1.0,2.919167,500,5,1
0.99,fixed_recency,85,1.0,3.20075,500,5,1
0.99,fixed_recency,86,1.0,3.490958,500,6,1
0.99,fixed_recency,87,1.0,3.167833,500,7,1
0.99,fixed_recency,88,1.0,3.287333,500,5,1
0.99,fixed_recency,89,1.0,3.07875,500,10,1
0.99,fixed_recency,90,0.4,3.100084,500,2,1
0.99,fixed_recency,91,1.0,3.301333,500,5,1
0.99,fixed_recency,92,0.4,3.162417,500,2,1
0.99,fixed_recency,93,1.0,3.503167,500,6,1
0.99,fixed_recency,94,1.0,3.191625,500,16,1
0.99,fixed_recency,95,0.2,3.017667,500,1,1
0.99,fixed_recency,96,1.0,3.119375,500,7,1
0.99,fixed_recency,97,1.0,3.104583,500,6,1
0.99,fixed_recency,98,0.4,3.5955,500,2,1
0.99,fixed_recency,99,1.0,3.004333,500,8,1
0.99,fixed_recency,100,1.0,3.035875,500,6,1
0.99,fixed_recency,101,0.4,3.26375,500,2,1
0.99,fixed_recency,102,0.4,3.480667,500,2,1
0.99,fixed_recency,103,0.4,6.288791,500,2,1
0.99,fixed_recency,104,1.0,3.206334,500,12,1
0.99,fixed_recency,105,0.6,3.106958,500,3,1
0.99,fixed_recency,106,1.0,3.579,500,6,1
0.99,fixed_recency,107,1.0,3.547625,500,9,1
0.99,fixed_recency,108,1.0,3.189542,500,5,1
0.99,fixed_recency,109,1.0,3.040125,500,14,1
0.99,fixed_recency,110,1.0,2.862292,500,8,1
0.99,fixed_recency,111,1.0,2.927959,500,9,1
0.99,fixed_recency,112,0.6,2.611875,500,3,1
0.99,fixed_recency,113,0.4,3.034083,500,2,1
0.99,fixed_recency,114,1.0,2.954833,500,8,1
0.99,fixed_recency,115,1.0,2.787,500,10,1
0.99,fixed_recency,116,1.0,2.765,500,11,1
0.99,fixed_recency,117,1.0,2.840458,500,8,1
0.99,fixed_recency,118,1.0,2.615917,500,7,1
0.99,fixed_recency,119,1.0,3.051833,500,9,1
0.99,fixed_recency,120,1.0,2.624583,500,5,1
0.99,fixed_recency,121,1.0,2.638,500,8,1
0.99,fixed_recency,122,0.4,2.543917,500,2,1
0.99,fixed_recency,123,0.8,2.634334,500,4,1
0.99,fixed_recency,124,1.0,2.525584,500,5,1
0.99,fixed_recency,125,1.0,3.171958,500,9,1
0.99,fixed_recency,126,0.8,3.045583,500,4,1
0.99,fixed_recency,127,0.4,2.60325,500,2,1
0.99,fixed_recency,128,1.0,2.799542,500,8,1
0.99,fixed_recency,129,1.0,3.003625,500,5,1
0.99,fixed_recency,130,0.8,2.708667,500,4,1
0.99,fixed_recency,131,1.0,3.398208,500,6,1
0.99,fixed_recency,132,0.8,2.896667,500,4,1
0.99,fixed_recency,133,1.0,2.915542,500,7,1
0.99,fixed_recency,134,1.0,2.913416,500,11,1
0.99,fixed_recency,135,1.0,2.868459,500,5,1
0.99,fixed_recency,136,1.0,2.819083,500,7,1
0.99,fixed_recency,137,0.4,3.046792,500,2,1
0.99,fixed_recency,138,0.8,2.808375,500,4,1
0.99,fixed_recency,139,1.0,2.904292,500,7,1
0.99,fixed_recency,140,0.4,3.146625,500,2,1
0.99,fixed_recency,141,0.8,2.855916,500,4,1
0.99,fixed_recency,142,0.8,3.419083,500,4,1
0.99,fixed_recency,143,0.8,2.999167,500,4,1
0.99,fixed_recency,144,0.4,2.605417,500,2,1
0.99,fixed_recency,145,1.0,2.820666,500,9,1
0.99,fixed_recency,146,0.2,2.681167,500,1,1
0.99,fixed_recency,147,0.2,2.851667,500,1,1
0.99,fixed_recency,148,1.0,3.491167,500,7,1
0.99,fixed_recency,149,1.0,2.835083,500,5,1
0.99,fixed_recency,150,0.6,2.45575,500,3,1
0.99,fixed_recency,151,0.4,2.342,500,2,1
0.99,fixed_recency,152,0.8,2.486708,500,4,1
0.99,fixed_recency,153,1.0,2.444667,500,10,1
0.99,fixed_recency,154,1.0,3.431875,500,11,1
0.99,fixed_recency,155,1.0,2.5575,500,7,1
0.99,fixed_recency,156,0.8,2.429542,500,4,1
0.99,fixed_recency,157,1.0,2.483791,500,7,1
0.99,fixed_recency,158,0.4,2.657167,500,2,1
0.99,fixed_recency,159,1.0,2.506709,500,14,1
0.99,fixed_recency,160,0.2,2.880708,500,1,1
0.99,fixed_recency,161,0.8,2.595292,500,4,1
0.99,fixed_recency,162,0.6,2.359458,500,3,1
0.99,fixed_recency,163,1.0,2.49625,500,5,1
0.99,fixed_recency,164,1.0,2.4425,500,5,1
0.99,fixed_recency,165,1.0,2.449125,500,11,1
0.99,fixed_recency,166,0.4,2.34925,500,2,1
0.99,fixed_recency,167,0.2,2.722334,500,1,1
0.99,fixed_recency,168,1.0,2.630833,500,17,1
0.99,fixed_recency,169,1.0,2.383875,500,8,1
0.99,fixed_recency,170,1.0,2.3545,500,10,1
0.99,fixed_recency,171,1.0,2.8385,500,6,1
0.99,fixed_recency,172,0.4,2.550834,500,2,1
0.99,fixed_recency,173,0.2,2.870541,500,1,1
0.99,fixed_recency,174,1.0,2.770583,500,8,1
0.99,fixed_recency,175,1.0,2.485292,500,6,1
0.99,fixed_recency,176,1.0,2.427333,500,5,1
0.99,fixed_recency,177,0.4,2.551916,500,2,1
0.99,fixed_recency,178,1.0,2.494208,500,5,1
0.99,fixed_recency,179,0.8,2.479084,500,4,1
0.99,fixed_recency,180,0.4,2.6405,500,2,1
0.99,fixed_recency,181,1.0,2.455041,500,5,1
0.99,fixed_recency,182,1.0,2.474125,500,5,1
0.99,fixed_recency,183,1.0,2.434416,500,7,1
0.99,fixed_recency,184,1.0,2.924709,500,9,1
0.99,fixed_recency,185,0.4,2.616208,500,2,1
0.99,fixed_recency,186,1.0,3.202166,500,7,1
0.99,fixed_recency,187,0.2,3.176208,500,1,1
0.99,fixed_recency,188,1.0,2.764667,500,7,1
0.99,fixed_recency,189,1.0,2.586792,500,13,1
0.99,fixed_recency,190,0.4,2.461416,500,2,1
0.99,fixed_recency,191,1.0,2.446583,500,5,1
0.99,fixed_recency,192,0.4,3.574958,500,2,1
0.99,fixed_recency,193,1.0,3.14225,500,12,1
0.99,fixed_recency,194,1.0,2.562458,500,5,1
0.99,fixed_recency,195,0.6,2.531375,500,3,1
0.99,fixed_recency,196,0.4,2.713292,500,2,1
0.99,fixed_recency,197,1.0,2.75275,500,8,1
0.99,fixed_recency,198,0.4,3.449709,500,2,1
0.99,fixed_recency,199,0.8,2.925083,500,4,1
0.99,adaptive_temporal,0,1.0,4.674917,500,7,2
0.99,adaptive_temporal,1,1.0,9.495667,1000,8,3
0.99,adaptive_temporal,2,1.0,4.919625,500,10,2
0.99,adaptive_temporal,3,1.0,8.052375,1000,13,3
0.99,adaptive_temporal,4,1.0,10.784083,2000,18,4
0.99,adaptive_temporal,5,1.0,12.102875,2000,18,4
0.99,adaptive_temporal,6,1.0,10.840125,2000,8,4
0.99,adaptive_temporal,7,1.0,4.980209,500,13,2
0.99,adaptive_temporal,8,1.0,7.79175,1000,15,3
0.99,adaptive_temporal,9,1.0,8.324167,1000,11,3
0.99,adaptive_temporal,10,1.0,4.93025,500,13,2
0.99,adaptive_temporal,11,1.0,5.063875,500,12,2
0.99,adaptive_temporal,12,1.0,2.228833,250,5,1
0.99,adaptive_temporal,13,1.0,4.617958,500,8,2
0.99,adaptive_temporal,14,1.0,4.791209,500,9,2
0.99,adaptive_temporal,15,1.0,5.3175,500,13,2
0.99,adaptive_temporal,16,1.0,10.66225,2000,8,4
0.99,adaptive_temporal,17,1.0,5.212042,500,6,2
0.99,adaptive_temporal,18,1.0,2.415125,250,6,1
0.99,adaptive_temporal,19,1.0,7.585334,1000,18,3
0.99,adaptive_temporal,20,1.0,2.30875,250,5,1
0.99,adaptive_temporal,21,1.0,11.630375,2000,26,4
0.99,adaptive_temporal,22,1.0,8.042708,1000,13,3
0.99,adaptive_temporal,23,1.0,5.11875,500,11,2
0.99,adaptive_temporal,24,1.0,4.594625,500,10,2
0.99,adaptive_temporal,25,1.0,7.436125,1000,11,3
0.99,adaptive_temporal,26,1.0,8.767958,1000,14,3
0.99,adaptive_temporal,27,1.0,4.941958,500,8,2
0.99,adaptive_temporal,28,1.0,4.855209,500,13,2
0.99,adaptive_temporal,29,1.0,4.859125,500,8,2
0.99,adaptive_temporal,30,1.0,10.317084,2000,10,4
0.99,adaptive_temporal,31,1.0,8.738542,1000,17,3
0.99,adaptive_temporal,32,1.0,2.476875,250,5,1
0.99,adaptive_temporal,33,1.0,7.832542,1000,12,3
0.99,adaptive_temporal,34,1.0,7.927833,1000,12,3
0.99,adaptive_temporal,35,1.0,8.008167,1000,11,3
0.99,adaptive_temporal,36,1.0,11.508917,2000,16,4
0.99,adaptive_temporal,37,1.0,8.743875,1000,23,3
0.99,adaptive_temporal,38,1.0,10.8555,2000,8,4
0.99,adaptive_temporal,39,1.0,8.616333,1000,14,3
0.99,adaptive_temporal,40,1.0,7.767125,1000,13,3
0.99,adaptive_temporal,41,1.0,5.188625,500,9,2
0.99,adaptive_temporal,42,1.0,11.160125,2000,26,4
0.99,adaptive_temporal,43,1.0,5.850375,500,13,2
0.99,adaptive_temporal,44,1.0,2.435542,250,5,1
0.99,adaptive_temporal,45,1.0,8.145375,1000,16,3
0.99,adaptive_temporal,46,1.0,2.582125,250,6,1
0.99,adaptive_temporal,47,1.0,10.492417,2000,8,4
0.99,adaptive_temporal,48,1.0,6.158,500,8,2
0.99,adaptive_temporal,49,1.0,5.552667,500,10,2
0.99,adaptive_temporal,50,1.0,7.861208,1000,9,3
0.99,adaptive_temporal,51,1.0,10.77475,2000,8,4
0.99,adaptive_temporal,52,1.0,2.442667,250,5,1
0.99,adaptive_temporal,53,1.0,5.167083,500,13,2
0.99,adaptive_temporal,54,1.0,5.686625,500,9,2
0.99,adaptive_temporal,55,1.0,2.456334,250,5,1
0.99,adaptive_temporal,56,1.0,7.916458,1000,12,3
0.99,adaptive_temporal,57,1.0,7.757625,1000,10,3
0.99,adaptive_temporal,58,1.0,8.319709,1000,7,3
0.99,adaptive_temporal,59,1.0,11.938666,1000,9,3
0.99,adaptive_temporal,60,1.0,11.302958,2000,15,4
0.99,adaptive_temporal,61,1.0,4.681416,500,8,2
0.99,adaptive_temporal,62,1.0,5.494416,500,7,2
0.99,adaptive_temporal,63,1.0,8.718542,1000,11,3
0.99,adaptive_temporal,64,1.0,4.824542,500,9,2
0.99,adaptive_temporal,65,1.0,10.861,2000,26,4
0.99,adaptive_temporal,66,1.0,4.912958,500,13,2
0.99,adaptive_temporal,67,1.0,2.52725,250,7,1
0.99,adaptive_temporal,68,1.0,2.544542,250,6,1
0.99,adaptive_temporal,69,1.0,8.284667,1000,15,3
0.99,adaptive_temporal,70,1.0,7.5375,1000,16,3
0.99,adaptive_temporal,71,1.0,7.714791,1000,17,3
0.99,adaptive_temporal,72,1.0,4.88,500,11,2
0.99,adaptive_temporal,73,1.0,2.457625,250,5,1
0.99,adaptive_temporal,74,1.0,7.92225,1000,13,3
0.99,adaptive_temporal,75,1.0,7.469583,1000,9,3
0.99,adaptive_temporal,76,1.0,7.199625,1000,18,3
0.99,adaptive_temporal,77,1.0,7.30975,1000,13,3
0.99,adaptive_temporal,78,1.0,7.779416,1000,12,3
0.99,adaptive_temporal,79,1.0,4.632208,500,11,2
0.99,adaptive_temporal,80,1.0,7.2625,1000,11,3
0.99,adaptive_temporal,81,1.0,4.716791,500,9,2
0.99,adaptive_temporal,82,1.0,2.244667,250,5,1
0.99,adaptive_temporal,83,1.0,2.344,250,5,1
0.99,adaptive_temporal,84,1.0,4.78625,500,7,2
0.99,adaptive_temporal,85,1.0,4.738042,500,9,2
0.99,adaptive_temporal,86,1.0,4.9485,500,9,2
0.99,adaptive_temporal,87,1.0,2.323958,250,5,1
0.99,adaptive_temporal,88,1.0,4.569666,500,7,2
0.99,adaptive_temporal,89,1.0,1.954875,250,6,1
0.99,adaptive_temporal,90,1.0,7.581416,1000,9,3
0.99,adaptive_temporal,91,1.0,5.079792,500,8,2
0.99,adaptive_temporal,92,1.0,6.974625,1000,12,3
0.99,adaptive_temporal,93,1.0,4.600041,500,7,2
0.99,adaptive_temporal,94,1.0,2.155834,250,9,1
0.99,adaptive_temporal,95,1.0,6.586208,1000,7,3
0.99,adaptive_temporal,96,1.0,6.094166,500,10,2
0.99,adaptive_temporal,97,1.0,5.327542,500,9,2
0.99,adaptive_temporal,98,1.0,9.63875,2000,17,4
0.99,adaptive_temporal,99,1.0,4.4565,500,11,2
0.99,adaptive_temporal,100,1.0,4.622291,500,10,2
0.99,adaptive_temporal,101,1.0,8.350166,1000,12,3
0.99,adaptive_temporal,102,1.0,7.304584,1000,13,3
0.99,adaptive_temporal,103,1.0,7.0005,1000,9,3
0.99,adaptive_temporal,104,1.0,4.170875,500,15,2
0.99,adaptive_temporal,105,1.0,7.407709,1000,14,3
0.99,adaptive_temporal,106,1.0,5.157375,500,10,2
0.99,adaptive_temporal,107,1.0,4.953458,500,13,2
0.99,adaptive_temporal,108,1.0,4.93625,500,7,2
0.99,adaptive_temporal,109,1.0,2.336333,250,6,1
0.99,adaptive_temporal,110,1.0,4.339292,500,10,2
0.99,adaptive_temporal,111,1.0,2.078208,250,5,1
0.99,adaptive_temporal,112,1.0,7.560709,1000,10,3
0.99,adaptive_temporal,113,1.0,13.321834,4000,24,5
0.99,adaptive_temporal,114,1.0,4.990125,500,11,2
0.99,adaptive_temporal,115,1.0,2.305875,250,5,1
0.99,adaptive_temporal,116,1.0,5.00675,500,14,2
0.99,adaptive_temporal,117,1.0,5.233042,500,12,2
0.99,adaptive_temporal,118,1.0,2.347833,250,7,1
0.99,adaptive_temporal,119,1.0,4.508417,500,14,2
0.99,adaptive_temporal,120,1.0,4.738916,500,8,2
0.99,adaptive_temporal,121,1.0,5.447167,500,12,2
0.99,adaptive_temporal,122,1.0,7.568667,1000,15,3
0.99,adaptive_temporal,123,1.0,8.68025,1000,20,3
0.99,adaptive_temporal,124,1.0,4.526834,500,9,2
0.99,adaptive_temporal,125,1.0,1.970916,250,6,1
0.99,adaptive_temporal,126,1.0,7.740625,1000,13,3
0.99,adaptive_temporal,127,1.0,14.366209,4000,24,5
0.99,adaptive_temporal,128,1.0,5.079167,500,13,2
0.99,adaptive_temporal,129,1.0,4.7545,500,7,2
0.99,adaptive_temporal,130,1.0,7.509708,1000,12,3
0.99,adaptive_temporal,131,1.0,4.496834,500,10,2
0.99,adaptive_temporal,132,1.0,7.46175,1000,19,3
0.99,adaptive_temporal,133,1.0,5.757625,500,9,2
0.99,adaptive_temporal,134,1.0,2.729,250,5,1
0.99,adaptive_temporal,135,1.0,4.639166,500,7,2
0.99,adaptive_temporal,136,1.0,2.352459,250,5,1
0.99,adaptive_temporal,137,1.0,7.399125,1000,7,3
0.99,adaptive_temporal,138,1.0,7.802834,1000,20,3
0.99,adaptive_temporal,139,1.0,5.309125,500,9,2
0.99,adaptive_temporal,140,1.0,7.9065,1000,9,3
0.99,adaptive_temporal,141,1.0,7.745042,1000,20,3
0.99,adaptive_temporal,142,1.0,7.4455,1000,12,3
0.99,adaptive_temporal,143,1.0,7.85925,1000,12,3
0.99,adaptive_temporal,144,1.0,7.395292,1000,9,3
0.99,adaptive_temporal,145,1.0,4.771417,500,14,2
0.99,adaptive_temporal,146,1.0,9.756625,2000,15,4
0.99,adaptive_temporal,147,1.0,8.996459,2000,18,4
0.99,adaptive_temporal,148,1.0,4.157708,500,12,2
0.99,adaptive_temporal,149,1.0,6.448,1000,16,3
0.99,adaptive_temporal,150,1.0,9.238792,2000,18,4
0.99,adaptive_temporal,151,1.0,7.093334,1000,14,3
0.99,adaptive_temporal,152,1.0,6.933334,1000,12,3
0.99,adaptive_temporal,153,1.0,2.249292,250,6,1
0.99,adaptive_temporal,154,1.0,2.243417,250,7,1
0.99,adaptive_temporal,155,1.0,2.159375,250,5,1
0.99,adaptive_temporal,156,1.0,8.063292,1000,18,3
0.99,adaptive_temporal,157,1.0,2.513667,250,7,1
0.99,adaptive_temporal,158,1.0,7.95225,1000,11,3
0.99,adaptive_temporal,159,1.0,2.0865,250,6,1
0.99,adaptive_temporal,160,1.0,9.057375,2000,26,4
0.99,adaptive_temporal,161,1.0,7.388167,1000,13,3
0.99,adaptive_temporal,162,1.0,6.737083,1000,14,3
0.99,adaptive_temporal,163,1.0,4.117542,500,8,2
0.99,adaptive_temporal,164,1.0,4.468167,500,7,2
0.99,adaptive_temporal,165,1.0,4.210875,500,15,2
0.99,adaptive_temporal,166,1.0,7.24325,1000,8,3
0.99,adaptive_temporal,167,1.0,9.845584,2000,15,4
0.99,adaptive_temporal,168,1.0,2.062959,250,6,1
0.99,adaptive_temporal,169,1.0,4.699625,500,11,2
0.99,adaptive_temporal,170,1.0,4.897958,500,13,2
0.99,adaptive_temporal,171,1.0,4.245625,500,6,2
0.99,adaptive_temporal,172,1.0,9.299666,2000,17,4
0.99,adaptive_temporal,173,1.0,7.561375,1000,7,3
0.99,adaptive_temporal,174,1.0,2.076792,250,5,1
0.99,adaptive_temporal,175,1.0,4.563834,500,10,2
0.99,adaptive_temporal,176,1.0,4.402042,500,9,2
0.99,adaptive_temporal,177,1.0,13.0495,4000,24,5
0.99,adaptive_temporal,178,1.0,6.964959,1000,16,3
0.99,adaptive_temporal,179,1.0,7.556041,1000,20,3
0.99,adaptive_temporal,180,1.0,7.119083,1000,8,3
0.99,adaptive_temporal,181,1.0,4.529333,500,7,2
0.99,adaptive_temporal,182,1.0,5.139125,500,8,2
0.99,adaptive_temporal,183,1.0,5.307917,500,9,2
0.99,adaptive_temporal,184,1.0,4.431875,500,13,2
0.99,adaptive_temporal,185,1.0,6.54875,1000,8,3
0.99,adaptive_temporal,186,1.0,4.197958,500,8,2
0.99,adaptive_temporal,187,1.0,9.578583,2000,8,4
0.99,adaptive_temporal,188,1.0,4.313667,500,10,2
0.99,adaptive_temporal,189,1.0,1.99775,250,7,1
0.99,adaptive_temporal,190,1.0,7.79025,1000,11,3
0.99,adaptive_temporal,191,1.0,4.892917,500,9,2
0.99,adaptive_temporal,192,1.0,7.627167,1000,8,3
0.99,adaptive_temporal,193,1.0,2.312125,250,5,1
0.99,adaptive_temporal,194,1.0,5.149291,500,9,2
0.99,adaptive_temporal,195,1.0,10.347083,2000,26,4
0.99,adaptive_temporal,196,1.0,9.493916,2000,18,4
0.99,adaptive_temporal,197,1.0,4.97425,500,13,2
0.99,adaptive_temporal,198,1.0,7.638084,1000,9,3
0.99,adaptive_temporal,199,1.0,7.456708,1000,11,3
